val_id,id,study_id,is_the_model_published_previously,method,method_sub,domain,sd_origin,metric_origin,n_classes,k_folds,n_participants,test_environment,test_protocol,validation_type,age_group,test_device,metric,mean,sd,yi,vi_fold,vi_class,vi_ext,vi_use,vi_source,method_group,miss_n_classes,miss_k_folds,n_classes_imp,k_folds_imp,c_n_classes,c_k_folds,env_re,prot_re,dom_re,se_use,est,ci_l,ci_u,auth_year,method_lab,row_lab
188,5455,Trost 2022,"Yes - Hildebrand 2014, 2017",Threshold / Cutpoint,Threshold,Activity intensity,classes,macro,4,NA,18,Laboratory,Structured,External,Children and Youth,ActiGraph,F1,0.4578,0.1945,-0.16920253,NA,0.153500084,NA,0.153500084,classes,Threshold,0,1,4,22.65217391,1.371921182,0,Laboratory,Structured,Activity intensity,0.391790867,0.4578,0.281483947,0.645360563,Row 5455,Threshold / Cutpoint,Trost 2022 – Threshold / Cutpoint – 188
83,2608,Hibbing 2018,No,Hybrid / Ensemble,ANN + DT,Activity type,classes,macro,3,NA,27,Free-living,Unstructured,External,Children and Youth,ActiGraph,F1,0.4816,0.235,-0.073633251,NA,0.295332694,NA,0.295332694,classes,Other,0,1,3,22.65217391,0.371921182,0,Free-living,Unstructured,Activity type,0.543445208,0.4816,0.242543348,0.729387919,Row 2608,Hybrid / Ensemble,Hibbing 2018 – Hybrid / Ensemble – 83
7,962,Ahmadi 2022,Yes - Roscoe 2017,Threshold / Cutpoint,Threshold,Activity type,classes,macro,3,NA,10,Free-living,Hybrid,External,Children and Youth,ActiGraph,F1,0.4866,0.1666,-0.053612838,NA,0.148242524,NA,0.148242524,classes,Threshold,0,1,3,22.65217391,0.371921182,0,Free-living,Hybrid,Activity type,0.385022758,0.4866,0.308261948,0.668416489,Row 962,Threshold / Cutpoint,Ahmadi 2022 – Threshold / Cutpoint – 7
203,25531,Wullems 2024,"Yes - Rowlands 2014, 2016 for posture and Esliger 2011 for intensity thresholds",Classical ML,Decision tree,Activity intensity,classes,macro,4,NA,20,Laboratory,Structured,External,Older adults,ActivInsights,F1,0.4895,0.1752,-0.042006176,NA,0.122888524,NA,0.122888524,classes,Other,0,1,4,22.65217391,1.371921182,0,Laboratory,Structured,Activity intensity,0.350554595,0.4895,0.325393754,0.655901084,Row 25531,Classical ML,Wullems 2024 – Classical ML – 203
288,35984,Skjødt 2025,No,Threshold / Cutpoint,Threshold,Activity intensity,classes,macro,3,NA,26,Laboratory,Hybrid,Hold-out,Older adults,ActivInsights,F1,0.49,0.29,-0.040005335,NA,0.448892375,NA,0.448892375,classes,Threshold,0,1,3,22.65217391,0.371921182,0,Laboratory,Hybrid,Activity intensity,0.66999431,0.49,0.205348653,0.781287226,Row 35984,Threshold / Cutpoint,Skjødt 2025 – Threshold / Cutpoint – 288
303,36448,Sirard 2025,Yes - Hildebrand 2014 (Youth cutpoints),Threshold / Cutpoint,Threshold,Activity type,NA,macro,5,NA,42,Free-living,Unstructured,External,Children and Youth,ActiGraph,F1,0.51,NA,0.040005335,NA,NA,NA,0.148242524,constant,Threshold,0,1,5,22.65217391,2.371921182,0,Free-living,Unstructured,Activity type,0.385022758,0.51,0.328574542,0.68882889,Row 36448,Threshold / Cutpoint,Sirard 2025 – Threshold / Cutpoint – 303
161,5580,Sasaki 2016,No,Classical ML,RandomForest,Activity type,classes,macro,5,15,15,Free-living,Unstructured,Cross-validation,Older adults,ActiGraph,F1,0.5294,0.2815,0.117735813,NA,0.255337778,NA,0.255337778,classes,Other,0,0,5,15,2.371921182,-7.652173913,Free-living,Unstructured,Activity type,0.505309586,0.5294,0.294698832,0.751782673,Row 5580,Classical ML,Sasaki 2016 – Classical ML – 161
202,35066,Welch 2013,Yes - Esliger 2011,Threshold / Cutpoint,Threshold,Activity intensity,classes,macro,4,NA,130,Laboratory,Structured,External,Adults,Unilever & ActivInsights,F1,0.5384,0.101,0.153903063,NA,0.041289636,NA,0.041289636,classes,Threshold,0,1,4,22.65217391,1.371921182,0,Laboratory,Structured,Activity intensity,0.203198514,0.5384,0.439210695,0.634639399,Row 35066,Threshold / Cutpoint,Welch 2013 – Threshold / Cutpoint – 202
304,36448,Sirard 2025,Yes - Hildebrand 2014 (Adults cutpoints),Threshold / Cutpoint,Threshold,Activity type,NA,macro,5,NA,42,Free-living,Unstructured,External,Children and Youth,ActiGraph,F1,0.54,NA,0.16034265,NA,NA,NA,0.148242524,constant,Threshold,0,1,5,22.65217391,2.371921182,0,Free-living,Unstructured,Activity type,0.385022758,0.54,0.355648396,0.714019625,Row 36448,Threshold / Cutpoint,Sirard 2025 – Threshold / Cutpoint – 304
137,257,Montoye 2020,"Yes - Hildebrand 2014, 2017",Threshold / Cutpoint,Threshold,Activity type,classes,macro,4,NA,12,Free-living,Unstructured,External,Adults; Older adults,ActiGraph,F1,0.5533,0.2802,0.214013122,NA,0.3213091,NA,0.3213091,classes,Threshold,0,1,4,22.65217391,1.371921182,0,Free-living,Unstructured,Activity type,0.566841336,0.5533,0.289668233,0.790016046,Row 257,Threshold / Cutpoint,Montoye 2020 – Threshold / Cutpoint – 137
12,31390,Atallah 2011,No,Classical ML,NaiveBayes,Activity type,classes,macro,5,11,11,Laboratory,Structured,Cross-validation,Adults,Custom,F1,0.574,0.081,0.29819005,NA,0.021946085,NA,0.021946085,classes,Other,0,0,5,11,2.371921182,-11.65217391,Laboratory,Structured,Activity type,0.14814211,0.574,0.501957869,0.643032054,Row 31390,Classical ML,Atallah 2011 – Classical ML – 12
85,2608,Hibbing 2018,Yes - Hildebrand 2014,Threshold / Cutpoint,Threshold,Activity type,classes,macro,3,NA,27,Free-living,Unstructured,External,Children and Youth,ActiGraph,F1,0.5941,0.133,0.380940832,NA,0.101396933,NA,0.101396933,classes,Threshold,0,1,3,22.65217391,0.371921182,0,Free-living,Unstructured,Activity type,0.318428851,0.5941,0.439502909,0.732052542,Row 2608,Threshold / Cutpoint,Hibbing 2018 – Threshold / Cutpoint – 85
8,962,Ahmadi 2022,Yes - Crotti 2020,Threshold / Cutpoint,Threshold,Activity type,classes,macro,3,NA,10,Free-living,Hybrid,External,Children and Youth,ActiGraph,F1,0.6006,0.0765,0.407965735,NA,0.033901182,NA,0.033901182,classes,Threshold,0,1,3,22.65217391,0.371921182,0,Free-living,Hybrid,Activity type,0.184122736,0.6006,0.511769119,0.683271272,Row 962,Threshold / Cutpoint,Ahmadi 2022 – Threshold / Cutpoint – 8
138,257,Montoye 2020,"Yes - Hildebrand 2014, 2017",Threshold / Cutpoint,Threshold,Activity type,classes,macro,3,NA,12,Free-living,Unstructured,External,Adults; Older adults,ActiGraph,F1,0.6029,0.3298,0.417563207,NA,0.632542493,NA,0.632542493,classes,Threshold,0,1,3,22.65217391,0.371921182,0,Free-living,Unstructured,Activity type,0.795325401,0.6029,0.242086424,0.878296983,Row 257,Threshold / Cutpoint,Montoye 2020 – Threshold / Cutpoint – 138
37,194,Cakmak 2020,No,Probabilistic Temporal,StateSpace,Sleep,external_test,aggregate_cm,2,NA,32,Laboratory,Structured,Hold-out,Older adults,Empatica,F1,0.61,0.19,0.447312218,NA,NA,0.637849645,0.148242524,constant,Other,0,1,2,22.65217391,-0.628078818,0,Laboratory,Structured,Sleep,0.385022758,0.61,0.423766006,0.768872709,Row 194,Probabilistic Temporal,Cakmak 2020 – Probabilistic Temporal – 37
301,36434,Logacjov 2025,No,Heuristic Rule,HeuristicRule,Sleep,cv_folds,per_class,2,5,100,Laboratory,Structured,Cross-validation,Older adults,Empatica,F1,0.65,0.129,0.619039208,0.064305277,NA,NA,0.064305277,cv_folds,Threshold,0,0,2,5,-0.628078818,-17.65217391,Laboratory,Structured,Sleep,0.253584852,0.65,0.530465439,0.753258181,Row 36434,Heuristic Rule,Logacjov 2025 – Heuristic Rule – 301
142,33648,van Loo 2018,Yes - Schaefer 2014,Threshold / Cutpoint,Threshold,Activity intensity,classes,macro,3,NA,57,Laboratory,Structured,External,Children and Youth,ActivInsights,F1,0.6647,0.1756,0.684310158,NA,0.206923256,NA,0.206923256,classes,Threshold,0,1,3,22.65217391,0.371921182,0,Laboratory,Structured,Activity intensity,0.45488818,0.6647,0.44836705,0.828621795,Row 33648,Threshold / Cutpoint,van Loo 2018 – Threshold / Cutpoint – 142
290,35984,Skjødt 2025,No,Classical ML,RandomForest,Activity intensity,classes,macro,3,NA,26,Laboratory,Hybrid,Hold-out,Older adults,ActivInsights,F1,0.667,0.205,0.694647556,NA,0.283952916,NA,0.283952916,classes,Other,0,1,3,22.65217391,0.371921182,0,Laboratory,Hybrid,Activity intensity,0.532872326,0.667,0.413435237,0.850569829,Row 35984,Classical ML,Skjødt 2025 – Classical ML – 290
143,33648,van Loo 2018,Yes - Hildebrand 2014,Threshold / Cutpoint,Threshold,Activity intensity,classes,macro,3,NA,57,Laboratory,Structured,External,Children and Youth,ActivInsights,F1,0.6742,0.1846,0.727243107,NA,0.235430368,NA,0.235430368,classes,Threshold,0,1,3,22.65217391,0.371921182,0,Laboratory,Structured,Activity intensity,0.485211674,0.6742,0.444289333,0.842673722,Row 33648,Threshold / Cutpoint,van Loo 2018 – Threshold / Cutpoint – 143
144,33648,van Loo 2018,Yes - Phillips 2014,Threshold / Cutpoint,Threshold,Activity intensity,classes,macro,3,NA,57,Laboratory,Structured,External,Children and Youth,ActivInsights,F1,0.6756,0.1919,0.733623863,NA,0.255556965,NA,0.255556965,classes,Threshold,0,1,3,22.65217391,0.371921182,0,Laboratory,Structured,Activity intensity,0.505526424,0.6756,0.436050185,0.848701863,Row 33648,Threshold / Cutpoint,van Loo 2018 – Threshold / Cutpoint – 144
310,37750,Potter 2025,Yes - Thapa-Chhetry 2022,Linear / GLM,LogisticRegression,Sleep,participants,macro,2,NA,15,Laboratory,Structured,External,Adults; Older adults,ActiGraph,F1,0.69,0.12,0.8001193,NA,NA,NA,0.148242524,constant,Threshold,0,1,2,22.65217391,-0.628078818,0,Laboratory,Structured,Sleep,0.385022758,0.69,0.511366715,0.825600723,Row 37750,Linear / GLM,Potter 2025 – Linear / GLM – 310
298,36434,Logacjov 2025,No,Heuristic Rule,HeuristicRule,Sleep,cv_folds,per_class,2,31,31,Laboratory,Structured,Cross-validation,Adults,Apple,F1,0.7,0.104,0.84729786,0.007911638,NA,NA,0.007911638,cv_folds,Threshold,0,0,2,31,-0.628078818,8.347826087,Laboratory,Structured,Sleep,0.088947388,0.7,0.662165855,0.735290905,Row 36434,Heuristic Rule,Logacjov 2025 – Heuristic Rule – 298
171,92,Sundararajan 2021,Yes - van Hees 2015,Heuristic Rule,HeuristicRule,Sleep,NA,aggregate_cm,2,NA,24,Laboratory,Structured,External,Adults,ActivInsights,F1,0.7023,NA,0.858274395,NA,NA,NA,0.148242524,constant,Threshold,0,1,2,22.65217391,-0.628078818,0,Laboratory,Structured,Sleep,0.385022758,0.7023,0.525884287,0.833816257,Row 92,Heuristic Rule,Sundararajan 2021 – Heuristic Rule – 171
299,36434,Logacjov 2025,Yes - Yuan 2024,Deep Learning,CNN_LSTM,Sleep,cv_folds,per_class,2,31,31,Laboratory,Structured,External,Adults,Apple,F1,0.706,0.084,0.87603547,0.005283148,NA,NA,0.005283148,cv_folds,Other,0,0,2,31,-0.628078818,8.347826087,Laboratory,Structured,Sleep,0.07268527,0.706,0.675588708,0.734680042,Row 36434,Deep Learning,Logacjov 2025 – Deep Learning – 299
300,36434,Logacjov 2025,No,Deep Learning,ANN,Sleep,cv_folds,per_class,2,5,100,Laboratory,Structured,Cross-validation,Older adults,Empatica,F1,0.707,0.106,0.880858057,0.052368201,NA,NA,0.052368201,cv_folds,Other,0,0,2,5,-0.628078818,-17.65217391,Laboratory,Structured,Sleep,0.228840996,0.707,0.606429843,0.790739121,Row 36434,Deep Learning,Logacjov 2025 – Deep Learning – 300
302,36434,Logacjov 2025,Yes - Yuan 2024,Deep Learning,CNN_LSTM,Sleep,cv_folds,per_class,2,5,100,Laboratory,Structured,External,Older adults,Empatica,F1,0.708,0.094,0.885690291,0.041347903,NA,NA,0.041347903,cv_folds,Other,0,0,2,5,-0.628078818,-17.65217391,Laboratory,Structured,Sleep,0.203341837,0.708,0.619432527,0.783170703,Row 36434,Deep Learning,Logacjov 2025 – Deep Learning – 302
172,92,Sundararajan 2021,Yes - van Hees 2015,Heuristic Rule,HeuristicRule,Sleep,NA,aggregate_cm,2,NA,24,Laboratory,Structured,External,Adults,ActivInsights,F1,0.7085,NA,0.888110053,NA,NA,NA,0.148242524,constant,Threshold,0,1,2,22.65217391,-0.628078818,0,Laboratory,Structured,Sleep,0.385022758,0.7085,0.53331692,0.837909416,Row 92,Heuristic Rule,Sundararajan 2021 – Heuristic Rule – 172
167,25641,Shwetar 2022,No,Threshold / Cutpoint,Threshold,Activity intensity,classes,macro,3,NA,18,Hybrid,Structured,Hold-out,Adults,ActiGraph,F1,0.7095,0.1358,0.89295692,NA,0.144704225,NA,0.144704225,classes,Threshold,0,1,3,22.65217391,0.371921182,0,Hybrid,Structured,Activity intensity,0.380400086,0.7095,0.53677665,0.837336325,Row 25641,Threshold / Cutpoint,Shwetar 2022 – Threshold / Cutpoint – 167
297,36434,Logacjov 2025,No,Deep Learning,ANN,Sleep,cv_folds,per_class,2,31,31,Laboratory,Structured,Cross-validation,Adults,Apple,F1,0.719,0.077,0.939506688,0.004685429,NA,NA,0.004685429,cv_folds,Other,0,0,2,31,-0.628078818,8.347826087,Laboratory,Structured,Sleep,0.068450192,0.719,0.691116519,0.745294044,Row 36434,Deep Learning,Logacjov 2025 – Deep Learning – 297
205,5985,Yuan 2024,No,Deep Learning,CNN_LSTM,Sleep,external_test,aggregate_cm,2,NA,52,Laboratory,Structured,External,Adults,ActiGraph; Axivity; ActivInsights,F1,0.7224,0.2874,0.956397773,NA,NA,2.053899217,0.148242524,constant,Other,0,1,2,22.65217391,-0.628078818,0,Laboratory,Structured,Sleep,0.385022758,0.7224,0.550267897,0.846971437,Row 5985,Deep Learning,Yuan 2024 – Deep Learning – 205
128,8620,Mikulec 2021,Yes - van Hees 2015,Heuristic Rule,HeuristicRule,Sleep,NA,aggregate_cm,2,NA,11,Laboratory,Structured,External,Adults; Older adults,ActivInsights,F1,0.73,NA,0.994622575,NA,NA,NA,0.148242524,constant,Threshold,0,1,2,22.65217391,-0.628078818,0,Laboratory,Structured,Sleep,0.385022758,0.73,0.55970822,0.851860348,Row 8620,Heuristic Rule,Mikulec 2021 – Heuristic Rule – 128
166,25641,Shwetar 2022,No,Classical ML,Random forest,Activity intensity,classes,macro,2,NA,18,Hybrid,Structured,Hold-out,Adults,ActiGraph,F1,0.7317,0.0956,1.003264836,NA,0.118570959,NA,0.118570959,classes,Other,0,1,2,22.65217391,-0.628078818,0,Hybrid,Structured,Activity intensity,0.344341341,0.7317,0.581359266,0.842662569,Row 25641,Classical ML,Shwetar 2022 – Classical ML – 166
173,92,Sundararajan 2021,No,Classical ML,RandomForest,Sleep,NA,aggregate_cm,2,NA,24,Laboratory,Structured,Hold-out,Adults,ActivInsights,F1,0.7393,NA,1.042333472,NA,NA,NA,0.148242524,constant,Other,0,1,2,22.65217391,-0.628078818,0,Laboratory,Structured,Sleep,0.385022758,0.7393,0.571430235,0.85778068,Row 92,Classical ML,Sundararajan 2021 – Classical ML – 173
168,25641,Shwetar 2022,No,Threshold / Cutpoint,Threshold,Activity intensity,classes,macro,4,NA,18,Hybrid,Structured,Hold-out,Adults,ActiGraph,F1,0.7399,0.135,1.045448869,NA,0.123021434,NA,0.123021434,classes,Threshold,0,1,4,22.65217391,1.371921182,0,Hybrid,Structured,Activity intensity,0.350744115,0.7399,0.58855388,0.849783923,Row 25641,Threshold / Cutpoint,Shwetar 2022 – Threshold / Cutpoint – 168
169,198,Staudenmayer 2015,No,Classical ML,Decision tree,Activity intensity,classes,macro,3,20,20,Laboratory,Structured,Cross-validation,Adults,ActiGraph,F1,0.7454,0.0583,1.074227301,NA,0.031457216,NA,0.031457216,classes,Other,0,0,3,20,0.371921182,-2.652173913,Laboratory,Structured,Activity intensity,0.177361821,0.7454,0.674058312,0.805629287,Row 198,Classical ML,Staudenmayer 2015 – Classical ML – 169
309,37750,Potter 2025,No,Classical ML,RandomForest,Activity type,cv_folds,macro,5,244,244,Both,Both,Cross-validation,Adults; Older adults,ActiGraph,F1,0.75,0.07,1.098612289,5.71E-04,NA,NA,5.71E-04,cv_folds,Other,0,0,5,244,2.371921182,221.3478261,Both,Both,Activity type,0.023900218,0.75,0.741114233,0.758680089,Row 37750,Classical ML,Potter 2025 – Classical ML – 309
170,198,Staudenmayer 2015,No,Classical ML,Random forest,Activity intensity,classes,macro,3,20,20,Laboratory,Structured,Cross-validation,Adults,ActiGraph,F1,0.7554,0.0543,1.127623187,NA,0.028788003,NA,0.028788003,classes,Other,0,0,3,20,0.371921182,-2.652173913,Laboratory,Structured,Activity intensity,0.169670277,0.7554,0.688918801,0.811559734,Row 198,Classical ML,Staudenmayer 2015 – Classical ML – 170
174,92,Sundararajan 2021,No,Classical ML,RandomForest,Sleep,cv_folds,aggregate_cm,2,5,134,Laboratory,Structured,Cross-validation,Adults,ActivInsights,F1,0.7591,0.0243,1.147751611,0.003531596,NA,NA,0.003531596,cv_folds,Other,0,0,2,5,-0.628078818,-17.65217391,Laboratory,Structured,Sleep,0.059427229,0.7591,0.73716286,0.779753244,Row 92,Classical ML,Sundararajan 2021 – Classical ML – 174
182,1664,Thapa-Chhetry 2022,Yes - Sundararajan 2021,Classical ML,RandomForest,Sleep,external_test,macro,3,NA,22,Hybrid,Structured,External,Adults,ActiGraph; Axivity,F1,0.76,0.08,1.15267951,NA,NA,0.192366882,0.148242524,constant,Other,0,1,3,22.65217391,0.371921182,0,Hybrid,Structured,Sleep,0.385022758,0.76,0.598215433,0.870718228,Row 1664,Classical ML,Thapa-Chhetry 2022 – Classical ML – 182
184,10036,Trevenen 2019,No,Probabilistic Temporal,HMM,Sleep,cv_folds,aggregate_cm,2,10,242,Laboratory,Structured,Cross-validation,Adults,ActiGraph,F1,0.769,0.095,1.202673259,0.028600299,NA,NA,0.028600299,cv_folds,Other,0,0,2,10,-0.628078818,-12.65217391,Laboratory,Structured,Sleep,0.169116229,0.769,0.704996465,0.822611394,Row 10036,Probabilistic Temporal,Trevenen 2019 – Probabilistic Temporal – 184
206,5985,Yuan 2024,No,Deep Learning,CNN_LSTM,Sleep,cv_folds,aggregate_cm,2,5,1688,Laboratory,Structured,Apparent,Adults,ActiGraph; Axivity; ActivInsights,F1,0.7759,0.1978,1.241931265,0.258813755,NA,NA,0.258813755,cv_folds,Other,0,0,2,5,-0.628078818,-17.65217391,Laboratory,Structured,Sleep,0.508737412,0.7759,0.560897655,0.90370239,Row 5985,Deep Learning,Yuan 2024 – Deep Learning – 206
291,35984,Skjødt 2025,No,Classical ML,RandomForest,Activity intensity,classes,macro,2,NA,26,Laboratory,Hybrid,Hold-out,Older adults,ActivInsights,F1,0.78,NA,1.265666373,NA,NA,NA,0.148242524,constant,Other,0,1,2,22.65217391,-0.628078818,0,Laboratory,Hybrid,Activity intensity,0.385022758,0.78,0.62504597,0.882913161,Row 35984,Classical ML,Skjødt 2025 – Classical ML – 291
146,5408,Patterson 2023,Yes - van Hees 2015,Heuristic Rule,HeuristicRule,Sleep,external_test,aggregate_cm,2,NA,28,Laboratory,Structured,External,Adults; Older adults,ActivInsights,F1,0.791,0.002,1.330963716,NA,NA,1.46E-04,0.148242524,constant,Threshold,0,1,2,22.65217391,-0.628078818,0,Laboratory,Structured,Sleep,0.385022758,0.791,0.640219994,0.889496495,Row 5408,Heuristic Rule,Patterson 2023 – Heuristic Rule – 146
57,901,Ellis 2014,No,Classical ML,RandomForest,Activity type,classes,macro,4,40,40,Laboratory,Structured,Cross-validation,Adults,ActiGraph,F1,0.7985,0.2,1.376945586,NA,0.386278075,NA,0.386278075,classes,Other,0,0,4,40,1.371921182,17.34782609,Laboratory,Structured,Activity type,0.621512731,0.7985,0.539611971,0.930546239,Row 901,Classical ML,Ellis 2014 – Classical ML – 57
273,35760,Chan 2024,No,Deep Learning,CNN + HMM,Activity type,external_test,macro,4,NA,51,Free-living,Unstructured,Hold-out,Adults,Axivity,F1,0.8,NA,1.386294361,NA,NA,NA,0.148242524,constant,Other,0,1,4,22.65217391,1.371921182,0,Free-living,Unstructured,Activity type,0.385022758,0.8,0.652863445,0.894819017,Row 35760,Deep Learning,Chan 2024 – Deep Learning – 273
1,1795,Ahmadi 2018,No,Classical ML,RandomForest,Activity type,classes,macro,4,22,22,Laboratory,Structured,Cross-validation,Children and Youth; Adults,ActiGraph,F1,0.8004,0.1563,1.388796239,NA,0.239288998,NA,0.239288998,classes,Other,0,0,4,22,1.371921182,-0.652173913,Laboratory,Structured,Activity type,0.489171747,0.8004,0.605878352,0.912741112,Row 1795,Classical ML,Ahmadi 2018 – Classical ML – 1
6,962,Ahmadi 2022,No,Classical ML,RandomForest,Activity type,classes,macro,3,NA,10,Free-living,Hybrid,Hold-out,Children and Youth,ActiGraph,F1,0.8006,0.0802,1.390048589,NA,0.084129053,NA,0.084129053,classes,Other,0,1,3,22.65217391,0.371921182,0,Free-living,Hybrid,Activity type,0.290050088,0.8006,0.694565351,0.876375593,Row 962,Classical ML,Ahmadi 2022 – Classical ML – 6
2,4490,Ahmadi 2020,No,Classical ML,RandomForest,Activity type,NA,macro,5,31,31,Free-living,Hybrid,Cross-validation,Children and Youth,ActiGraph,F1,0.806,NA,1.424225583,NA,NA,NA,0.148242524,constant,Other,0,0,5,31,2.371921182,8.347826087,Free-living,Hybrid,Activity type,0.385022758,0.806,0.661409327,0.898335935,Row 4490,Classical ML,Ahmadi 2020 – Classical ML – 2
110,13708,Mannini 2013,No,Classical ML,SVM,Activity type,classes,macro,4,33,33,Laboratory,Structured,Cross-validation,Adults; Older adults,Custom,F1,0.814,0.1066,1.476213692,NA,0.123930933,NA,0.123930933,classes,Other,0,0,4,33,1.371921182,10.34782609,Laboratory,Structured,Activity type,0.352038255,0.814,0.687018839,0.897173731,Row 13708,Classical ML,Mannini 2013 – Classical ML – 110
111,13708,Mannini 2013,No,Classical ML,SVM,Activity type,classes,macro,4,10,33,Laboratory,Structured,Cross-validation,Adults; Older adults,Custom,F1,0.8341,0.0987,1.614968102,NA,0.127187754,NA,0.127187754,classes,Other,0,0,4,10,1.371921182,-12.65217391,Laboratory,Structured,Activity type,0.356633922,0.8341,0.714219359,0.910027487,Row 13708,Classical ML,Mannini 2013 – Classical ML – 111
175,884,Tabar 2021,No,Classical ML,RandomForest,Sleep,cv_folds,aggregate_cm,2,20,20,Free-living,Structured,Cross-validation,Adults,ActivInsights,F1,0.8448,0.1583,1.694385305,0.072885408,NA,NA,0.072885408,cv_folds,Other,0,0,2,20,-0.628078818,-2.652173913,Free-living,Structured,Sleep,0.269972977,0.8448,0.762283233,0.902342909,Row 884,Classical ML,Tabar 2021 – Classical ML – 175
96,8106,Huang 2022,No,Deep Learning,CNN_Attention,Sleep,cv_folds,aggregate_cm,2,5,27,Laboratory,Structured,Cross-validation,Adults,ActivInsights,F1,0.8475,0.0047,1.715126243,2.64E-04,NA,NA,2.64E-04,cv_folds,Other,0,0,2,5,-0.628078818,-17.65217391,Laboratory,Structured,Sleep,0.016263099,0.8475,0.84333448,0.851574257,Row 8106,Deep Learning,Huang 2022 – Deep Learning – 96
119,2919,Mardini 2020,No,Deep Learning,CNN_LSTM,Activity type,classes,macro,3,10,145,Laboratory,Structured,Cross-validation,Adults; Older adults,ActiGraph,F1,0.86,0.08,1.815289967,NA,0.14716541,NA,0.14716541,classes,Other,0,0,3,10,0.371921182,-12.65217391,Laboratory,Structured,Activity type,0.383621441,0.86,0.743338216,0.928719767,Row 2919,Deep Learning,Mardini 2020 – Deep Learning – 119
178,1664,Thapa-Chhetry 2022,No,Linear / GLM,LogisticRegression,Sleep,external_test,macro,3,NA,22,Hybrid,Structured,Hold-out,Adults,Axivity,F1,0.86,0.18,1.815289967,NA,NA,2.235074668,0.148242524,constant,Threshold,0,1,3,22.65217391,0.371921182,0,Hybrid,Structured,Sleep,0.385022758,0.86,0.742813855,0.928901375,Row 1664,Linear / GLM,Thapa-Chhetry 2022 – Linear / GLM – 178
308,37664,Chen 2026,Yes - Cole-Kripke 1992 algorithm (GGIR),Threshold / Cutpoint,Threshold,Sleep,participants,per_class,2,NA,30,Laboratory,Structured,External,Children and Youth,ActivInsights,F1,0.86,0.08,1.815289967,NA,NA,NA,0.148242524,constant,Threshold,0,1,2,22.65217391,-0.628078818,0,Laboratory,Structured,Sleep,0.385022758,0.86,0.742813855,0.928901375,Row 37664,Threshold / Cutpoint,Chen 2026 – Threshold / Cutpoint – 308
112,11841,Mannini 2017,No,Classical ML,SVM,Activity type,classes,macro,4,53,53,Laboratory,Structured,Cross-validation,Children and Youth; Adults; Older adults,Custom,F1,0.8706,0.0494,1.906274247,NA,0.048071539,NA,0.048071539,classes,Other,0,0,4,53,1.371921182,30.34782609,Laboratory,Structured,Activity type,0.219252227,0.8706,0.814049381,0.911815673,Row 11841,Classical ML,Mannini 2017 – Classical ML – 112
42,804,Chao 2021,No,Classical ML,RandomForest,Sleep,external_test,aggregate_cm,2,NA,27,Laboratory,Structured,External,Adults,Apple; ActivInsights,F1,0.874,0.18,1.936798469,NA,NA,2.671659178,0.148242524,constant,Other,0,1,2,22.65217391,-0.628078818,0,Laboratory,Structured,Sleep,0.385022758,0.874,0.765334853,0.936519827,Row 804,Classical ML,Chao 2021 – Classical ML – 42
13,4346,Bai 2022,No,Classical ML,GradientBoosting,Activity intensity,cv_folds,macro,3,5,247,Laboratory,Structured,Cross-validation,Older adults,ActiGraph,F1,0.88,0.004,1.992430165,2.87E-04,NA,NA,2.87E-04,cv_folds,Other,0,0,3,5,0.371921182,-17.65217391,Laboratory,Structured,Activity intensity,0.016939909,0.88,0.876449374,0.883462155,Row 4346,Classical ML,Bai 2022 – Classical ML – 13
179,1664,Thapa-Chhetry 2022,"Yes - van Hees 2013, 2018",Heuristic Rule,HeuristicRule,Sleep,external_test,macro,3,NA,22,Hybrid,Structured,External,Adults,Axivity,F1,0.88,0.08,1.992430165,NA,NA,0.573921028,0.148242524,constant,Threshold,0,1,3,22.65217391,0.371921182,0,Hybrid,Structured,Sleep,0.385022758,0.88,0.775178324,0.939747931,Row 1664,Heuristic Rule,Thapa-Chhetry 2022 – Heuristic Rule – 179
183,1664,Thapa-Chhetry 2022,Yes - Sundararajan 2021,Classical ML,RandomForest,Sleep,external_test,macro,3,NA,22,Hybrid,Structured,External,Adults,ActiGraph; Axivity,F1,0.88,0.17,1.992430165,NA,NA,2.591612144,0.148242524,constant,Other,0,1,3,22.65217391,0.371921182,0,Hybrid,Structured,Sleep,0.385022758,0.88,0.775178324,0.939747931,Row 1664,Classical ML,Thapa-Chhetry 2022 – Classical ML – 183
306,37664,Chen 2026,Yes - vanHees 2015,Heuristic Rule,HeuristicRule,Sleep,participants,per_class,2,NA,30,Laboratory,Structured,External,Children and Youth,ActivInsights,F1,0.88,0.08,1.992430165,NA,NA,NA,0.148242524,constant,Threshold,0,1,2,22.65217391,-0.628078818,0,Laboratory,Structured,Sleep,0.385022758,0.88,0.775178324,0.939747931,Row 37664,Heuristic Rule,Chen 2026 – Heuristic Rule – 306
120,3298,Mardini 2021,No,Classical ML,GradientBoosting,Activity intensity,classes,macro,3,5,253,Laboratory,Structured,Cross-validation,Adults; Older adults,ActiGraph,F1,0.888,0.003,2.070472872,NA,3.03E-04,NA,3.03E-04,classes,Other,0,0,3,5,0.371921182,-17.65217391,Laboratory,Structured,Activity intensity,0.017415247,0.888,0.884559955,0.891350125,Row 3298,Classical ML,Mardini 2021 – Classical ML – 120
141,25046,Ode 2022,No,Classical ML,GradientBoosting,Sleep,NA,aggregate_cm,2,25,25,Laboratory,Structured,Cross-validation,Adults,Custom,F1,0.8887,NA,2.077530462,NA,NA,NA,0.148242524,constant,Other,0,0,2,25,-0.628078818,2.347826087,Laboratory,Structured,Sleep,0.385022758,0.8887,0.789661437,0.944389942,Row 25046,Classical ML,Ode 2022 – Classical ML – 141
39,804,Chao 2021,No,Linear / GLM,LogisticRegression,Sleep,external_test,aggregate_cm,2,NA,27,Laboratory,Structured,External,Adults,Apple; ActivInsights,F1,0.892,0.16,2.111334905,NA,NA,2.758434942,0.148242524,constant,Threshold,0,1,2,22.65217391,-0.628078818,0,Laboratory,Structured,Sleep,0.385022758,0.892,0.795221258,0.94613883,Row 804,Linear / GLM,Chao 2021 – Linear / GLM – 39
21,9734,Barouni 2020,No,Threshold / Cutpoint,Threshold,Sleep,classes,macro,3,NA,93,Hybrid,Hybrid,Apparent,Adults,Movisens,F1,0.8984,0.0026,2.179571868,NA,2.70E-04,NA,2.70E-04,classes,Threshold,0,1,3,22.65217391,0.371921182,0,Hybrid,Hybrid,Sleep,0.016445583,0.8984,0.89541981,0.901304625,Row 9734,Threshold / Cutpoint,Barouni 2020 – Threshold / Cutpoint – 21
113,11841,Mannini 2017,No,Classical ML,SVM,Activity type,classes,macro,4,20,20,Laboratory,Structured,Cross-validation,Children and Youth,Custom,F1,0.899,0.0364,2.186162518,NA,0.04017729,NA,0.04017729,classes,Other,0,0,4,20,1.371921182,-2.652173913,Laboratory,Structured,Activity type,0.200442736,0.899,0.857330748,0.92949975,Row 11841,Classical ML,Mannini 2017 – Classical ML – 113
109,5753,Mahadevan 2021,Yes - implements published Cole-Kripke-Webster heuristically with open-source activity index proxy,Heuristic Rule,HeuristicRule,Sleep,cv_folds,aggregate_cm,2,32,32,Laboratory,Structured,Cross-validation,Children and Youth; Adults,ActivInsights,F1,0.9,0.07,2.197224577,0.018904321,NA,NA,0.018904321,cv_folds,Threshold,0,0,2,32,-0.628078818,9.347826087,Laboratory,Structured,Sleep,0.137492985,0.9,0.872998875,0.921774925,Row 5753,Heuristic Rule,Mahadevan 2021 – Heuristic Rule – 109
180,1664,Thapa-Chhetry 2022,"Yes - van Hees 2013, 2018",Heuristic Rule,HeuristicRule,Sleep,external_test,macro,3,NA,22,Hybrid,Structured,External,Adults,Axivity,F1,0.9,0.15,2.197224577,NA,NA,2.777777778,0.148242524,constant,Threshold,0,1,3,22.65217391,0.371921182,0,Hybrid,Structured,Sleep,0.385022758,0.9,0.808853857,0.950351757,Row 1664,Heuristic Rule,Thapa-Chhetry 2022 – Heuristic Rule – 180
307,37664,Chen 2026,Yes - Sadeh 1994 algorithm (GGIR),Threshold / Cutpoint,Threshold,Sleep,participants,per_class,2,NA,30,Laboratory,Structured,External,Children and Youth,ActivInsights,F1,0.9,0.08,2.197224577,NA,NA,NA,0.148242524,constant,Threshold,0,1,2,22.65217391,-0.628078818,0,Laboratory,Structured,Sleep,0.385022758,0.9,0.808853857,0.950351757,Row 37664,Threshold / Cutpoint,Chen 2026 – Threshold / Cutpoint – 307
14,4346,Bai 2022,No,Classical ML,GradientBoosting,Activity type,cv_folds,macro,4,5,247,Laboratory,Structured,Cross-validation,Older adults,ActiGraph,F1,0.93,0.004,2.586689344,7.55E-04,NA,NA,7.55E-04,cv_folds,Other,0,0,4,5,1.371921182,-17.65217391,Laboratory,Structured,Activity type,0.027478562,0.93,0.926411609,0.933425984,Row 4346,Classical ML,Bai 2022 – Classical ML – 14
95,8106,Huang 2022,No,Deep Learning,CNN_Attention,Sleep,cv_folds,aggregate_cm,2,5,31,Laboratory,Structured,Cross-validation,Adults,Apple,F1,0.9339,0.0025,2.648200619,3.28E-04,NA,NA,3.28E-04,cv_folds,Other,0,0,2,5,-0.628078818,-17.65217391,Laboratory,Structured,Sleep,0.018111448,0.9339,0.93167461,0.936057883,Row 8106,Deep Learning,Huang 2022 – Deep Learning – 95
70,7483,Felton 2023,Yes - Cole-Kripke 1992 algorithm,Threshold / Cutpoint,Threshold,Sleep,NA,aggregate_cm,2,NA,31,Laboratory,Structured,External,Adults,Apple; Custom,F1,0.934,NA,2.649821696,NA,NA,NA,0.148242524,constant,Threshold,0,1,2,22.65217391,-0.628078818,0,Laboratory,Structured,Sleep,0.385022758,0.934,0.869344693,0.967843827,Row 7483,Threshold / Cutpoint,Felton 2023 – Threshold / Cutpoint – 70
40,804,Chao 2021,No,Linear / GLM,LogisticRegression,Sleep,external_test,aggregate_cm,2,NA,31,Laboratory,Structured,External,Adults,Apple; ActivInsights,F1,0.952,0.03,2.987364024,NA,NA,0.431008801,0.148242524,constant,Threshold,0,1,2,22.65217391,-0.628078818,0,Laboratory,Structured,Sleep,0.385022758,0.952,0.903149489,0.976842543,Row 804,Linear / GLM,Chao 2021 – Linear / GLM – 40
71,7483,Felton 2023,Yes - Webster 1982 algorthm,Threshold / Cutpoint,Threshold,Sleep,NA,aggregate_cm,2,NA,31,Laboratory,Structured,External,Adults,Apple; Custom,F1,0.952,NA,2.987364024,NA,NA,NA,0.148242524,constant,Threshold,0,1,2,22.65217391,-0.628078818,0,Laboratory,Structured,Sleep,0.385022758,0.952,0.903149489,0.976842543,Row 7483,Threshold / Cutpoint,Felton 2023 – Threshold / Cutpoint – 71
72,7483,Felton 2023,Yes - Oakley 1997 algorithm,Threshold / Cutpoint,Threshold,Sleep,NA,aggregate_cm,2,NA,31,Laboratory,Structured,External,Adults,Apple; Custom,F1,0.952,NA,2.987364024,NA,NA,NA,0.148242524,constant,Threshold,0,1,2,22.65217391,-0.628078818,0,Laboratory,Structured,Sleep,0.385022758,0.952,0.903149489,0.976842543,Row 7483,Threshold / Cutpoint,Felton 2023 – Threshold / Cutpoint – 72
73,7483,Felton 2023,Yes - Kripke 2010 algorithm,Threshold / Cutpoint,Threshold,Sleep,NA,aggregate_cm,2,NA,31,Laboratory,Structured,External,Adults,Apple; Custom,F1,0.952,NA,2.987364024,NA,NA,NA,0.148242524,constant,Threshold,0,1,2,22.65217391,-0.628078818,0,Laboratory,Structured,Sleep,0.385022758,0.952,0.903149489,0.976842543,Row 7483,Threshold / Cutpoint,Felton 2023 – Threshold / Cutpoint – 73
121,3298,Mardini 2021,No,Classical ML,GradientBoosting,Activity type,classes,macro,3,5,253,Laboratory,Structured,Cross-validation,Adults; Older adults,ActiGraph,F1,0.955,0.004,3.055048851,NA,0.002887799,NA,0.002887799,classes,Other,0,0,3,5,0.371921182,-17.65217391,Laboratory,Structured,Activity type,0.053738245,0.955,0.950250343,0.959315617,Row 3298,Classical ML,Mardini 2021 – Classical ML – 121
43,804,Chao 2021,No,Classical ML,RandomForest,Sleep,external_test,aggregate_cm,2,NA,31,Laboratory,Structured,External,Adults,Apple; ActivInsights,F1,0.957,0.03,3.102603276,NA,NA,0.531473632,0.148242524,constant,Other,0,1,2,22.65217391,-0.628078818,0,Laboratory,Structured,Sleep,0.385022758,0.957,0.912771835,0.979311016,Row 804,Classical ML,Chao 2021 – Classical ML – 43
181,1664,Thapa-Chhetry 2022,No,Linear / GLM,LogisticRegression,Sleep,cv_folds,macro,3,21,21,Hybrid,Structured,Cross-validation,Adults,Axivity,F1,0.96,0.08,3.17805383,0.206679894,NA,NA,0.206679894,cv_folds,Threshold,0,0,3,21,0.371921182,-1.652173913,Hybrid,Structured,Sleep,0.454620605,0.96,0.907794433,0.983194656,Row 1664,Linear / GLM,Thapa-Chhetry 2022 – Linear / GLM – 181
130,4239,Montoye 2016,No,Classical ML,ANN,Activity type,classes,macro,3,40,40,Laboratory,Hybrid,Cross-validation,Adults,ActiGraph; ActivInsights,F1,0.962,0.0204,3.231428291,NA,0.103805829,NA,0.103805829,classes,Other,0,0,3,40,0.371921182,17.34782609,Laboratory,Hybrid,Activity type,0.322189121,0.962,0.930857565,0.979425606,Row 4239,Classical ML,Montoye 2016 – Classical ML – 130
207,2101,Zhang 2012,No,Classical ML,DecisionTree,Activity type,classes,macro,4,NA,20,Hybrid,Structured,Hold-out,Adults,Unilever & ActivInsights,F1,0.9707,0.03,3.500429945,NA,0.278148818,NA,0.278148818,classes,Other,0,1,4,22.65217391,1.371921182,0,Hybrid,Structured,Activity type,0.527398159,0.9707,0.921776275,0.989377802,Row 2101,Classical ML,Zhang 2012 – Classical ML – 207
101,7472,Kim 2023,No,Classical ML,RandomForest,Sleep,NA,macro,2,NA,30,Laboratory,Structured,Apparent,Adults,Maxim Integrated,F1,0.9889,NA,4.489648106,NA,NA,NA,0.148242524,constant,Other,0,1,2,22.65217391,-0.628078818,0,Laboratory,Structured,Sleep,0.385022758,0.9889,0.976683548,0.994750153,Row 7472,Classical ML,Kim 2023 – Classical ML – 101
287,35984,Skjødt 2025,No,Threshold / Cutpoint,Threshold,Activity intensity,classes,macro,2,NA,50,Laboratory,Hybrid,Apparent,Older adults,ActivInsights,Sensitivity,0.3813,0.113,-0.484034036,NA,0.114718391,NA,0.114718391,classes,Threshold,0,1,2,22.65217391,-0.628078818,0,Laboratory,Hybrid,Activity intensity,0.338701035,0.3813,0.240875048,0.544834253,Row 35984,Threshold / Cutpoint,Skjødt 2025 – Threshold / Cutpoint – 287
85,2608,Hibbing 2018,Yes - Hildebrand 2014,Threshold / Cutpoint,Threshold,Activity type,classes,macro,3,NA,27,Free-living,Unstructured,External,Children and Youth,ActiGraph,Sensitivity,0.4928,0.4286,-0.028801991,NA,0.98012889,NA,0.98012889,classes,Threshold,0,1,3,22.65217391,0.371921182,0,Free-living,Unstructured,Activity type,0.990014591,0.4928,0.122471553,0.871201778,Row 2608,Threshold / Cutpoint,Hibbing 2018 – Threshold / Cutpoint – 85
202,35066,Welch 2013,Yes - Esliger 2011,Threshold / Cutpoint,Threshold,Activity intensity,classes,macro,4,NA,130,Laboratory,Structured,External,Adults,Unilever & ActivInsights,Sensitivity,0.5279,0.1269,0.111716044,NA,0.064817448,NA,0.064817448,classes,Threshold,0,1,4,22.65217391,1.371921182,0,Laboratory,Structured,Activity intensity,0.25459271,0.5279,0.404370891,0.648104515,Row 35066,Threshold / Cutpoint,Welch 2013 – Threshold / Cutpoint – 202
83,2608,Hibbing 2018,No,Hybrid / Ensemble,ANN + DT,Activity type,classes,macro,3,NA,27,Free-living,Unstructured,External,Children and Youth,ActiGraph,Sensitivity,0.5395,0.4021,0.158329929,NA,0.873181899,NA,0.873181899,classes,Other,0,1,3,22.65217391,0.371921182,0,Free-living,Unstructured,Activity type,0.934442026,0.5395,0.158001136,0.879725818,Row 2608,Hybrid / Ensemble,Hibbing 2018 – Hybrid / Ensemble – 83
203,25531,Wullems 2024,"Yes - Rowlands 2014, 2016 for posture and Esliger 2011 for intensity thresholds",Classical ML,Decision tree,Activity intensity,classes,macro,4,NA,20,Laboratory,Structured,External,Older adults,ActivInsights,Sensitivity,0.5455,0.2432,0.182504892,NA,0.240552495,NA,0.240552495,classes,Other,0,1,4,22.65217391,1.371921182,0,Laboratory,Structured,Activity intensity,0.490461512,0.5455,0.314578642,0.758378373,Row 25531,Classical ML,Wullems 2024 – Classical ML – 203
7,962,Ahmadi 2022,Yes - Roscoe 2017,Threshold / Cutpoint,Threshold,Activity type,classes,macro,3,NA,10,Free-living,Hybrid,External,Children and Youth,ActiGraph,Sensitivity,0.5457,0.1807,0.183311601,NA,0.177093112,NA,0.177093112,classes,Threshold,0,1,3,22.65217391,0.371921182,0,Free-living,Hybrid,Activity type,0.420824324,0.5457,0.344906621,0.732653494,Row 962,Threshold / Cutpoint,Ahmadi 2022 – Threshold / Cutpoint – 7
288,35984,Skjødt 2025,No,Threshold / Cutpoint,Threshold,Activity intensity,classes,macro,3,NA,26,Laboratory,Hybrid,Hold-out,Older adults,ActivInsights,Sensitivity,0.557,0.396,0.22899547,NA,0.858521695,NA,0.858521695,classes,Threshold,0,1,3,22.65217391,0.371921182,0,Laboratory,Hybrid,Activity intensity,0.926564458,0.557,0.169796404,0.88544769,Row 35984,Threshold / Cutpoint,Skjødt 2025 – Threshold / Cutpoint – 288
188,5455,Trost 2022,"Yes - Hildebrand 2014, 2017",Threshold / Cutpoint,Threshold,Activity intensity,classes,macro,4,NA,18,Laboratory,Structured,External,Children and Youth,ActiGraph,Sensitivity,0.5699,0.3179,0.281443167,NA,0.420518266,NA,0.420518266,classes,Threshold,0,1,4,22.65217391,1.371921182,0,Laboratory,Structured,Activity intensity,0.648473798,0.5699,0.270997913,0.825267567,Row 5455,Threshold / Cutpoint,Trost 2022 – Threshold / Cutpoint – 188
46,377,Crotti 2020,No,Threshold / Cutpoint,Threshold,Activity type,classes,macro,4,NA,10,Hybrid,Hybrid,Hold-out,Children and Youth,ActiGraph,Sensitivity,0.5808,0.2246,0.326058331,NA,0.212747149,NA,0.212747149,classes,Threshold,0,1,4,22.65217391,1.371921182,0,Hybrid,Hybrid,Activity type,0.461245216,0.5808,0.359397,0.773835893,Row 377,Threshold / Cutpoint,Crotti 2020 – Threshold / Cutpoint – 46
161,5580,Sasaki 2016,No,Classical ML,RandomForest,Activity type,classes,macro,5,15,15,Free-living,Unstructured,Cross-validation,Older adults,ActiGraph,Sensitivity,0.5838,0.2178,0.338392544,NA,0.160699089,NA,0.160699089,classes,Other,0,0,5,15,2.371921182,-7.652173913,Free-living,Unstructured,Activity type,0.400872908,0.5838,0.38999854,0.75474907,Row 5580,Classical ML,Sasaki 2016 – Classical ML – 161
82,2608,Hibbing 2018,No,Hybrid / Ensemble,ANN + DT,Activity intensity,classes,macro,3,NA,54,Laboratory,Structured,Hold-out,Children and Youth,ActiGraph,Sensitivity,0.589,0.1979,0.359832969,NA,0.22276969,NA,0.22276969,classes,Other,0,1,3,22.65217391,0.371921182,0,Laboratory,Structured,Activity intensity,0.471984841,0.589,0.362331892,0.783286658,Row 2608,Hybrid / Ensemble,Hibbing 2018 – Hybrid / Ensemble – 82
12,31390,Atallah 2011,No,Classical ML,NaiveBayes,Activity type,classes,macro,5,11,11,Laboratory,Structured,Cross-validation,Adults,Custom,Sensitivity,0.594,0.19,0.38052616,NA,0.124140143,NA,0.124140143,classes,Other,0,0,5,11,2.371921182,-11.65217391,Laboratory,Structured,Activity type,0.35233527,0.594,0.423102298,0.744806674,Row 31390,Classical ML,Atallah 2011 – Classical ML – 12
8,962,Ahmadi 2022,Yes - Crotti 2020,Threshold / Cutpoint,Threshold,Activity type,classes,macro,3,NA,10,Free-living,Hybrid,External,Children and Youth,ActiGraph,Sensitivity,0.5999,0.1012,0.405048459,NA,0.059257721,NA,0.059257721,classes,Threshold,0,1,3,22.65217391,0.371921182,0,Free-living,Hybrid,Activity type,0.243429088,0.5999,0.481989657,0.707271587,Row 962,Threshold / Cutpoint,Ahmadi 2022 – Threshold / Cutpoint – 8
116,54,Marcotte 2020,Yes - Staudenmayer 2015,Classical ML,Random forest,Activity type,NA,per_class,2,NA,48,Free-living,Unstructured,External,Children and Youth,ActiGraph,Sensitivity,0.613,NA,0.459940243,NA,NA,NA,0.148242524,constant,Other,0,1,2,22.65217391,-0.628078818,0,Free-living,Unstructured,Activity type,0.385022758,0.613,0.426852553,0.77110918,Row 54,Classical ML,Marcotte 2020 – Classical ML – 116
157,307,Sanders 2019,No,Threshold / Cutpoint,Threshold,Activity intensity,classes,macro,2,NA,34,Laboratory,Structured,Hold-out,Older adults,ActivInsights,Sensitivity,0.615,0.2051,0.468378934,NA,0.375171323,NA,0.375171323,classes,Threshold,0,1,2,22.65217391,-0.628078818,0,Laboratory,Structured,Activity intensity,0.612512304,0.615,0.324724158,0.841429514,Row 307,Threshold / Cutpoint,Sanders 2019 – Threshold / Cutpoint – 157
76,4775,Fraysse 2020,Yes - Sanders 2019,Threshold / Cutpoint,Threshold,Activity intensity,classes,macro,2,NA,31,Laboratory,Structured,External,Older adults,ActivInsights,Sensitivity,0.62,0.2687,0.489548225,NA,0.650361412,NA,0.650361412,classes,Threshold,0,1,2,22.65217391,-0.628078818,0,Laboratory,Structured,Activity intensity,0.806449882,0.62,0.251412413,0.887971863,Row 4775,Threshold / Cutpoint,Fraysse 2020 – Threshold / Cutpoint – 76
293,35999,Cepni 2025,Yes - Sadeh 1994 algorithm (GGIR),Threshold / Cutpoint,Threshold,Sleep,participants,per_class,2,NA,110,Laboratory,Structured,External,Children and Youth,ActiGraph,Sensitivity,0.627,0.377,0.519368121,NA,NA,NA,0.148242524,constant,Threshold,0,1,2,22.65217391,-0.628078818,0,Laboratory,Structured,Sleep,0.385022758,0.627,0.441450713,0.781428887,Row 35999,Threshold / Cutpoint,Cepni 2025 – Threshold / Cutpoint – 293
294,35999,Cepni 2025,Yes - Cole-Kripke 1992 algorithm (GGIR),Threshold / Cutpoint,Threshold,Sleep,participants,per_class,2,NA,110,Laboratory,Structured,External,Children and Youth,ActiGraph,Sensitivity,0.627,0.294,0.519368121,NA,NA,NA,0.148242524,constant,Threshold,0,1,2,22.65217391,-0.628078818,0,Laboratory,Structured,Sleep,0.385022758,0.627,0.441450713,0.781428887,Row 35999,Threshold / Cutpoint,Cepni 2025 – Threshold / Cutpoint – 294
142,33648,van Loo 2018,Yes - Schaefer 2014,Threshold / Cutpoint,Threshold,Activity intensity,classes,macro,3,NA,57,Laboratory,Structured,External,Children and Youth,ActivInsights,Sensitivity,0.6436,0.2711,0.59102372,NA,0.465618598,NA,0.465618598,classes,Threshold,0,1,3,22.65217391,0.371921182,0,Laboratory,Structured,Activity intensity,0.682362512,0.6436,0.321604744,0.873078229,Row 33648,Threshold / Cutpoint,van Loo 2018 – Threshold / Cutpoint – 142
37,194,Cakmak 2020,No,Probabilistic Temporal,StateSpace,Sleep,external_test,aggregate_cm,2,NA,32,Laboratory,Structured,Hold-out,Older adults,Empatica,Sensitivity,0.65,0.22,0.619039208,NA,NA,0.935152759,0.148242524,constant,Other,0,1,2,22.65217391,-0.628078818,0,Laboratory,Structured,Sleep,0.385022758,0.65,0.466150506,0.797974677,Row 194,Probabilistic Temporal,Cakmak 2020 – Probabilistic Temporal – 37
53,105,Duncan 2020,Yes - Sanders 2019,Threshold / Cutpoint,Threshold,Activity intensity,classes,macro,2,NA,23,Laboratory,Structured,External,Older adults,ActivInsights,Sensitivity,0.65,0.0849,0.619039208,NA,0.069634199,NA,0.069634199,classes,Threshold,0,1,2,22.65217391,-0.628078818,0,Laboratory,Structured,Activity intensity,0.263882926,0.65,0.525435194,0.756990422,Row 105,Threshold / Cutpoint,Duncan 2020 – Threshold / Cutpoint – 53
56,105,Duncan 2020,"Yes - Hildebrand 2014, 2017",Threshold / Cutpoint,Threshold,Activity intensity,classes,macro,2,NA,23,Laboratory,Structured,External,Older adults,ActivInsights,Sensitivity,0.65,0.198,0.619039208,NA,0.378736868,NA,0.378736868,classes,Threshold,0,1,2,22.65217391,-0.628078818,0,Laboratory,Structured,Activity intensity,0.615416012,0.65,0.357283033,0.861195443,Row 105,Threshold / Cutpoint,Duncan 2020 – Threshold / Cutpoint – 56
138,257,Montoye 2020,"Yes - Hildebrand 2014, 2017",Threshold / Cutpoint,Threshold,Activity type,classes,macro,3,NA,12,Free-living,Unstructured,External,Adults; Older adults,ActiGraph,Sensitivity,0.6502,0.3693,0.619918445,NA,0.878827868,NA,0.878827868,classes,Threshold,0,1,3,22.65217391,0.371921182,0,Free-living,Unstructured,Activity type,0.937458195,0.6502,0.228376771,0.921096303,Row 257,Threshold / Cutpoint,Montoye 2020 – Threshold / Cutpoint – 138
290,35984,Skjødt 2025,No,Classical ML,RandomForest,Activity intensity,classes,macro,3,NA,26,Laboratory,Hybrid,Hold-out,Older adults,ActivInsights,Sensitivity,0.657,0.261,0.649953571,NA,0.447137177,NA,0.447137177,classes,Other,0,1,3,22.65217391,0.371921182,0,Laboratory,Hybrid,Activity intensity,0.668683167,0.657,0.340590147,0.876594905,Row 35984,Classical ML,Skjødt 2025 – Classical ML – 290
144,33648,van Loo 2018,Yes - Phillips 2014,Threshold / Cutpoint,Threshold,Activity intensity,classes,macro,3,NA,57,Laboratory,Structured,External,Children and Youth,ActivInsights,Sensitivity,0.6653,0.1975,0.687003459,NA,0.262220399,NA,0.262220399,classes,Threshold,0,1,3,22.65217391,0.371921182,0,Laboratory,Structured,Activity intensity,0.512074603,0.6653,0.421489273,0.844312209,Row 33648,Threshold / Cutpoint,van Loo 2018 – Threshold / Cutpoint – 144
201,2834,Weaver 2024,"Yes - Hildebrand 2014, 2017",Threshold / Cutpoint,Threshold,Activity intensity,NA,macro,3,NA,75,Laboratory,Structured,External,Children and Youth,Garmin,Sensitivity,0.666,NA,0.690148678,NA,NA,NA,0.148242524,constant,Threshold,0,1,3,22.65217391,0.371921182,0,Laboratory,Structured,Activity intensity,0.385022758,0.666,0.483881605,0.809195822,Row 2834,Threshold / Cutpoint,Weaver 2024 – Threshold / Cutpoint – 201
47,377,Crotti 2020,No,Threshold / Cutpoint,Threshold,Activity type,classes,macro,3,NA,10,Hybrid,Hybrid,Hold-out,Children and Youth,ActiGraph,Sensitivity,0.6693,0.2475,0.70502077,NA,0.416791748,NA,0.416791748,classes,Threshold,0,1,3,22.65217391,0.371921182,0,Hybrid,Hybrid,Activity type,0.645594105,0.6693,0.363467944,0.877652483,Row 377,Threshold / Cutpoint,Crotti 2020 – Threshold / Cutpoint – 47
143,33648,van Loo 2018,Yes - Hildebrand 2014,Threshold / Cutpoint,Threshold,Activity intensity,classes,macro,3,NA,57,Laboratory,Structured,External,Children and Youth,ActivInsights,Sensitivity,0.6719,0.1662,0.71679108,NA,0.189460658,NA,0.189460658,classes,Threshold,0,1,3,22.65217391,0.371921182,0,Laboratory,Structured,Activity intensity,0.435270787,0.6719,0.465967785,0.827772463,Row 33648,Threshold / Cutpoint,van Loo 2018 – Threshold / Cutpoint – 143
137,257,Montoye 2020,"Yes - Hildebrand 2014, 2017",Threshold / Cutpoint,Threshold,Activity type,classes,macro,4,NA,12,Free-living,Unstructured,External,Adults; Older adults,ActiGraph,Sensitivity,0.6753,0.3187,0.732255357,NA,0.528136349,NA,0.528136349,classes,Threshold,0,1,4,22.65217391,1.371921182,0,Free-living,Unstructured,Activity type,0.726729901,0.6753,0.333558245,0.896288186,Row 257,Threshold / Cutpoint,Montoye 2020 – Threshold / Cutpoint – 137
199,2834,Weaver 2024,"Yes - Hildebrand 2014, 2017",Threshold / Cutpoint,Threshold,Activity intensity,NA,macro,3,NA,75,Laboratory,Structured,External,Children and Youth,ActiGraph,Sensitivity,0.682,NA,0.762978275,NA,NA,NA,0.148242524,constant,Threshold,0,1,3,22.65217391,0.371921182,0,Laboratory,Structured,Activity intensity,0.385022758,0.682,0.502083405,0.820188171,Row 2834,Threshold / Cutpoint,Weaver 2024 – Threshold / Cutpoint – 199
127,1051,Migueles 2021,No,Threshold / Cutpoint,Threshold,Activity intensity,classes,macro,2,NA,59,Laboratory,Structured,Apparent,Older adults,ActiGraph,Sensitivity,0.69,0.1131,0.8001193,NA,0.139789208,NA,0.139789208,classes,Threshold,0,1,2,22.65217391,-0.628078818,0,Laboratory,Structured,Activity intensity,0.37388395,0.69,0.51682034,0.822434873,Row 1051,Threshold / Cutpoint,Migueles 2021 – Threshold / Cutpoint – 127
115,54,Marcotte 2020,Yes - Staudenmayer 2015,Classical ML,Decision tree,Activity type,NA,per_class,2,NA,48,Free-living,Unstructured,External,Children and Youth,ActiGraph,Sensitivity,0.7,NA,0.84729786,NA,NA,NA,0.148242524,constant,Other,0,1,2,22.65217391,-0.628078818,0,Free-living,Unstructured,Activity type,0.385022758,0.7,0.523146757,0.832289697,Row 54,Classical ML,Marcotte 2020 – Classical ML – 115
167,25641,Shwetar 2022,No,Threshold / Cutpoint,Threshold,Activity intensity,classes,macro,3,NA,18,Hybrid,Structured,Hold-out,Adults,ActiGraph,Sensitivity,0.7047,0.0872,0.869780392,NA,0.058529697,NA,0.058529697,classes,Threshold,0,1,3,22.65217391,0.371921182,0,Hybrid,Structured,Activity intensity,0.241929116,0.7047,0.597629893,0.793140647,Row 25641,Threshold / Cutpoint,Shwetar 2022 – Threshold / Cutpoint – 167
152,1183,Roscoe 2017,No,Threshold / Cutpoint,Threshold,Activity intensity,classes,macro,3,NA,21,Laboratory,Structured,Apparent,Children and Youth,ActivInsights,Sensitivity,0.72,0.278,0.944461609,NA,0.633851148,NA,0.633851148,classes,Threshold,0,1,3,22.65217391,0.371921182,0,Laboratory,Structured,Activity intensity,0.796147693,0.72,0.350694497,0.924485389,Row 1183,Threshold / Cutpoint,Roscoe 2017 – Threshold / Cutpoint – 152
55,577,Duncan 2020,No,Threshold / Cutpoint,Threshold,Activity intensity,classes,macro,3,NA,20,Laboratory,Structured,External,Children and Youth,ActivInsights,Sensitivity,0.7227,0.1376,0.957894246,NA,0.15714471,NA,0.15714471,classes,Threshold,0,1,3,22.65217391,0.371921182,0,Laboratory,Structured,Activity intensity,0.39641482,0.7227,0.545107327,0.850033942,Row 577,Threshold / Cutpoint,Duncan 2020 – Threshold / Cutpoint – 55
100,5492,Jeong 2022,No,Classical ML,RandomForest,Activity type,NA,macro,4,8,32,Laboratory,Structured,Cross-validation,Adults,ActiGraph,Sensitivity,0.7295,NA,0.99208727,NA,NA,NA,0.148242524,constant,Other,0,0,4,8,1.371921182,-14.65217391,Laboratory,Structured,Activity type,0.385022758,0.7295,0.559083338,0.851540122,Row 5492,Classical ML,Jeong 2022 – Classical ML – 100
200,2834,Weaver 2024,"Yes - Hildebrand 2014, 2017",Threshold / Cutpoint,Threshold,Activity intensity,NA,macro,3,NA,75,Laboratory,Structured,External,Children and Youth,Apple,Sensitivity,0.73,NA,0.994622575,NA,NA,NA,0.148242524,constant,Threshold,0,1,3,22.65217391,0.371921182,0,Laboratory,Structured,Activity intensity,0.385022758,0.73,0.55970822,0.851860348,Row 2834,Threshold / Cutpoint,Weaver 2024 – Threshold / Cutpoint – 200
168,25641,Shwetar 2022,No,Threshold / Cutpoint,Threshold,Activity intensity,classes,macro,4,NA,18,Hybrid,Structured,Hold-out,Adults,ActiGraph,Sensitivity,0.7352,0.0749,1.021167747,NA,0.037004683,NA,0.037004683,classes,Threshold,0,1,4,22.65217391,1.371921182,0,Hybrid,Structured,Activity intensity,0.192366013,0.7352,0.655686537,0.801898916,Row 25641,Threshold / Cutpoint,Shwetar 2022 – Threshold / Cutpoint – 168
166,25641,Shwetar 2022,No,Classical ML,Random forest,Activity intensity,classes,macro,2,NA,18,Hybrid,Structured,Hold-out,Adults,ActiGraph,Sensitivity,0.7381,0.1321,1.036116565,NA,0.233493197,NA,0.233493197,classes,Other,0,1,2,22.65217391,-0.628078818,0,Hybrid,Structured,Activity intensity,0.483211338,0.7381,0.522240899,0.879023018,Row 25641,Classical ML,Shwetar 2022 – Classical ML – 166
158,307,Sanders 2019,No,Threshold / Cutpoint,Threshold,Activity intensity,classes,macro,2,NA,34,Laboratory,Structured,Hold-out,Older adults,ActiGraph,Sensitivity,0.74,0.1697,1.045968555,NA,0.38897667,NA,0.38897667,classes,Threshold,0,1,2,22.65217391,-0.628078818,0,Laboratory,Structured,Activity intensity,0.623679942,0.74,0.456003053,0.906224313,Row 307,Threshold / Cutpoint,Sanders 2019 – Threshold / Cutpoint – 158
58,4094,Ellis 2016,No,Hybrid / Ensemble,RF + HMM,Activity type,NA,macro,4,40,40,Free-living,Unstructured,Cross-validation,Adults,ActiGraph,Sensitivity,0.742,NA,1.056389658,NA,NA,NA,0.148242524,constant,Other,0,0,4,40,1.371921182,17.34782609,Free-living,Unstructured,Activity type,0.385022758,0.742,0.574869054,0.859486828,Row 4094,Hybrid / Ensemble,Ellis 2016 – Hybrid / Ensemble – 58
169,198,Staudenmayer 2015,No,Classical ML,Decision tree,Activity intensity,classes,macro,3,20,20,Laboratory,Structured,Cross-validation,Adults,ActiGraph,Sensitivity,0.7422,0.0208,1.057434658,NA,0.003939106,NA,0.003939106,classes,Other,0,0,3,20,0.371921182,-2.652173913,Laboratory,Structured,Activity intensity,0.062762299,0.7422,0.717971258,0.765028483,Row 198,Classical ML,Staudenmayer 2015 – Classical ML – 169
30,6979,Bianchim 2024,No,Classical ML,GradientBoosting,Activity intensity,classes,NA,4,10,28,Laboratory,Structured,Cross-validation,Children and Youth,ActiGraph,Sensitivity,0.75,0.5,1.098612289,NA,1.777777778,NA,1.777777778,classes,Other,0,0,4,10,1.371921182,-12.65217391,Laboratory,Structured,Activity intensity,1.333333333,0.75,0.180240188,0.976152644,Row 6979,Classical ML,Bianchim 2024 – Classical ML – 30
117,54,Marcotte 2020,Yes - Bakrania 2016,Threshold / Cutpoint,Threshold,Activity type,NA,per_class,2,NA,48,Free-living,Unstructured,External,Children and Youth,ActiGraph,Sensitivity,0.75,NA,1.098612289,NA,NA,NA,0.148242524,constant,Threshold,0,1,2,22.65217391,-0.628078818,0,Free-living,Unstructured,Activity type,0.385022758,0.75,0.585153997,0.864509046,Row 54,Threshold / Cutpoint,Marcotte 2020 – Threshold / Cutpoint – 117
170,198,Staudenmayer 2015,No,Classical ML,Random forest,Activity intensity,classes,macro,3,20,20,Laboratory,Structured,Cross-validation,Adults,ActiGraph,Sensitivity,0.7563,0.0636,1.132500162,NA,0.039691153,NA,0.039691153,classes,Other,0,0,3,20,0.371921182,-2.652173913,Laboratory,Structured,Activity intensity,0.199226387,0.7563,0.67743664,0.820977452,Row 198,Classical ML,Staudenmayer 2015 – Classical ML – 170
128,8620,Mikulec 2021,Yes - van Hees 2015,Heuristic Rule,HeuristicRule,Sleep,NA,aggregate_cm,2,NA,11,Laboratory,Structured,External,Adults; Older adults,ActivInsights,Sensitivity,0.76,NA,1.15267951,NA,NA,NA,0.148242524,constant,Threshold,0,1,2,22.65217391,-0.628078818,0,Laboratory,Structured,Sleep,0.385022758,0.76,0.598215433,0.870718228,Row 8620,Heuristic Rule,Mikulec 2021 – Heuristic Rule – 128
54,577,Duncan 2020,No,Threshold / Cutpoint,Threshold,Activity intensity,classes,macro,2,NA,20,Laboratory,Structured,Apparent,Children and Youth,ActivInsights,Sensitivity,0.761,0.1216,1.158169806,NA,0.223497175,NA,0.223497175,classes,Threshold,0,1,2,22.65217391,-0.628078818,0,Laboratory,Structured,Activity intensity,0.472754879,0.761,0.557635234,0.889414005,Row 577,Threshold / Cutpoint,Duncan 2020 – Threshold / Cutpoint – 54
107,2316,Li 2021,No,Classical ML,SVM,Sleep,cv_folds,aggregate_cm,2,10,105,Laboratory,Structured,Cross-validation,NA,Empatica,Sensitivity,0.7909,NA,1.330358931,NA,NA,NA,0.148242524,constant,Other,0,0,2,10,-0.628078818,-12.65217391,Laboratory,Structured,Sleep,0.385022758,0.7909,0.640080678,0.889437035,Row 2316,Classical ML,Li 2021 – Classical ML – 107
28,7678,Bianchim 2023,No,Threshold / Cutpoint,Threshold,Activity intensity,classes,macro,3,28,28,Laboratory,Structured,Cross-validation,Children and Youth,ActiGraph,Sensitivity,0.794,0.06,1.349207292,NA,0.044854477,NA,0.044854477,classes,Threshold,0,0,3,28,0.371921182,5.347826087,Laboratory,Structured,Activity intensity,0.211788756,0.794,0.717906615,0.853749042,Row 7678,Threshold / Cutpoint,Bianchim 2023 – Threshold / Cutpoint – 28
308,37664,Chen 2026,Yes - Cole-Kripke 1992 algorithm (GGIR),Threshold / Cutpoint,Threshold,Sleep,participants,per_class,2,NA,30,Laboratory,Structured,External,Children and Youth,ActivInsights,Sensitivity,0.8,0.12,1.386294361,NA,NA,NA,0.148242524,constant,Threshold,0,1,2,22.65217391,-0.628078818,0,Laboratory,Structured,Sleep,0.385022758,0.8,0.652863445,0.894819017,Row 37664,Threshold / Cutpoint,Chen 2026 – Threshold / Cutpoint – 308
1,1795,Ahmadi 2018,No,Classical ML,RandomForest,Activity type,classes,macro,4,22,22,Laboratory,Structured,Cross-validation,Children and Youth; Adults,ActiGraph,Sensitivity,0.8025,0.1349,1.401993271,NA,0.18110883,NA,0.18110883,classes,Other,0,0,4,22,1.371921182,-0.652173913,Laboratory,Structured,Activity type,0.425568832,0.8025,0.638273474,0.903445501,Row 1795,Classical ML,Ahmadi 2018 – Classical ML – 1
292,35999,Cepni 2025,Yes - vanHees 2015,Heuristic Rule,HeuristicRule,Sleep,participants,per_class,2,NA,110,Laboratory,Structured,External,Children and Youth,ActiGraph,Sensitivity,0.811,0.135,1.456521039,NA,NA,NA,0.148242524,constant,Threshold,0,1,2,22.65217391,-0.628078818,0,Laboratory,Structured,Sleep,0.385022758,0.811,0.66860367,0.901247718,Row 35999,Heuristic Rule,Cepni 2025 – Heuristic Rule – 292
99,30700,Allik 2016,No,Classical ML,DecisionTree,Activity type,NA,macro,10,25,25,Laboratory,Structured,Cross-validation,Adults,Shimmer,Sensitivity,0.812,NA,1.463058377,NA,NA,NA,0.148242524,constant,Other,0,0,10,25,7.371921182,2.347826087,Laboratory,Structured,Activity type,0.385022758,0.812,0.670050567,0.901828019,Row 30700,Classical ML,Allik 2016 – Classical ML – 99
6,962,Ahmadi 2022,No,Classical ML,RandomForest,Activity type,classes,macro,3,NA,10,Free-living,Hybrid,Hold-out,Children and Youth,ActiGraph,Sensitivity,0.8198,0.0614,1.514993063,NA,0.057582443,NA,0.057582443,classes,Other,0,1,3,22.65217391,0.371921182,0,Free-living,Hybrid,Activity type,0.23996342,0.8198,0.739749071,0.879247281,Row 962,Classical ML,Ahmadi 2022 – Classical ML – 6
110,13708,Mannini 2013,No,Classical ML,SVM,Activity type,classes,macro,4,33,33,Laboratory,Structured,Cross-validation,Adults; Older adults,Custom,Sensitivity,0.8224,0.0936,1.532693064,NA,0.102669059,NA,0.102669059,classes,Other,0,0,4,33,1.371921182,10.34782609,Laboratory,Structured,Activity type,0.320420128,0.8224,0.711908163,0.896665957,Row 13708,Classical ML,Mannini 2013 – Classical ML – 110
52,105,Duncan 2020,No,Threshold / Cutpoint,Threshold,Activity intensity,classes,macro,2,NA,20,Laboratory,Structured,Apparent,Older adults,ActivInsights,Sensitivity,0.8235,0.0601,1.540242673,NA,0.085487442,NA,0.085487442,classes,Threshold,0,1,2,22.65217391,-0.628078818,0,Laboratory,Structured,Activity intensity,0.292382356,0.8235,0.724555709,0.892190327,Row 105,Threshold / Cutpoint,Duncan 2020 – Threshold / Cutpoint – 52
189,34730,van Loo 2017,Yes - Schaefer 2014,Threshold / Cutpoint,Threshold,Activity type,NA,per_class,2,NA,25,Laboratory,Structured,External,Children and Youth,ActivInsights,Sensitivity,0.826,NA,1.557539474,NA,NA,NA,0.148242524,constant,Threshold,0,1,2,22.65217391,-0.628078818,0,Laboratory,Structured,Activity type,0.385022758,0.826,0.690593381,0.909881105,Row 34730,Threshold / Cutpoint,van Loo 2017 – Threshold / Cutpoint – 189
105,18650,Peraza 2020,No,Deep Learning,CNN_Fusion,Sleep,NA,aggregate_cm,2,NA,53,Laboratory,Structured,External,NA,Axivity; Custom; ActivInsights,Sensitivity,0.83,NA,1.585627264,NA,NA,NA,0.148242524,constant,Other,0,1,2,22.65217391,-0.628078818,0,Laboratory,Structured,Sleep,0.385022758,0.83,0.696562668,0.912157871,Row 18650,Deep Learning,Peraza 2020 – Deep Learning – 105
119,2919,Mardini 2020,No,Deep Learning,CNN_LSTM,Activity type,classes,macro,3,10,145,Laboratory,Structured,Cross-validation,Adults; Older adults,ActiGraph,Sensitivity,0.83,0.13,1.585627264,NA,0.282951123,NA,0.282951123,classes,Other,0,0,3,10,0.371921182,-12.65217391,Laboratory,Structured,Activity type,0.531931502,0.83,0.632519668,0.932655396,Row 2919,Deep Learning,Mardini 2020 – Deep Learning – 119
114,54,Marcotte 2020,Yes - Rowlands 2014,Classical ML,DecisionTree,Activity type,NA,per_class,2,NA,48,Free-living,Unstructured,External,Children and Youth,ActiGraph,Sensitivity,0.835,NA,1.621486251,NA,NA,NA,0.148242524,constant,Other,0,1,2,22.65217391,-0.628078818,0,Free-living,Unstructured,Activity type,0.385022758,0.835,0.704088085,0.914988959,Row 54,Classical ML,Marcotte 2020 – Classical ML – 114
51,4137,Duncan 2019,No,Threshold / Cutpoint,Threshold,Activity intensity,classes,macro,2,NA,30,Laboratory,Structured,Apparent,Children and Youth,ActivInsights,Sensitivity,0.8355,0.0573,1.625119778,NA,0.086906955,NA,0.086906955,classes,Threshold,0,1,2,22.65217391,-0.628078818,0,Laboratory,Structured,Activity intensity,0.294799856,0.8355,0.740258407,0.900512093,Row 4137,Threshold / Cutpoint,Duncan 2019 – Threshold / Cutpoint – 51
122,524,Meredith-Jones 2024,Yes - van Hees 2018,Heuristic Rule,HeuristicRule,Sleep,NA,aggregate_cm,2,NA,137,Free-living,Unstructured,External,Children and Youth,Axivity,Sensitivity,0.836,NA,1.628762185,NA,NA,NA,0.148242524,constant,Threshold,0,1,2,22.65217391,-0.628078818,0,Free-living,Unstructured,Sleep,0.385022758,0.836,0.705601758,0.915553205,Row 524,Heuristic Rule,Meredith-Jones 2024 – Heuristic Rule – 122
146,5408,Patterson 2023,Yes - van Hees 2015,Heuristic Rule,HeuristicRule,Sleep,external_test,aggregate_cm,2,NA,28,Laboratory,Structured,External,Adults; Older adults,ActivInsights,Sensitivity,0.836,0.002,1.628762185,NA,NA,2.13E-04,0.148242524,constant,Threshold,0,1,2,22.65217391,-0.628078818,0,Laboratory,Structured,Sleep,0.385022758,0.836,0.705601758,0.915553205,Row 5408,Heuristic Rule,Patterson 2023 – Heuristic Rule – 146
190,34730,van Loo 2017,Yes - Schaefer 2014,Threshold / Cutpoint,Threshold,Activity type,NA,per_class,2,NA,32,Laboratory,Structured,External,Children and Youth,ActivInsights,Sensitivity,0.836,NA,1.628762185,NA,NA,NA,0.148242524,constant,Threshold,0,1,2,22.65217391,-0.628078818,0,Laboratory,Structured,Activity type,0.385022758,0.836,0.705601758,0.915553205,Row 34730,Threshold / Cutpoint,van Loo 2017 – Threshold / Cutpoint – 190
27,7678,Bianchim 2023,No,Threshold / Cutpoint,Threshold,Activity intensity,classes,macro,3,28,28,Laboratory,Structured,Cross-validation,Children and Youth,ActiGraph,Sensitivity,0.838,0.029,1.643421765,NA,0.015210962,NA,0.015210962,classes,Threshold,0,0,3,28,0.371921182,5.347826087,Laboratory,Structured,Activity intensity,0.123332728,0.838,0.802451869,0.868201995,Row 7678,Threshold / Cutpoint,Bianchim 2023 – Threshold / Cutpoint – 27
289,35984,Skjødt 2025,No,Classical ML,RandomForest,Activity intensity,NA,macro,3,5,50,Laboratory,Hybrid,Cross-validation,Older adults,ActivInsights,Sensitivity,0.84,NA,1.658228077,NA,NA,NA,0.148242524,constant,Other,0,0,3,5,0.371921182,-17.65217391,Laboratory,Hybrid,Activity intensity,0.385022758,0.84,0.71168535,0.917803658,Row 35984,Classical ML,Skjødt 2025 – Classical ML – 289
111,13708,Mannini 2013,No,Classical ML,SVM,Activity type,classes,macro,4,10,33,Laboratory,Structured,Cross-validation,Adults; Older adults,Custom,Sensitivity,0.8411,0.0846,1.666435485,NA,0.10017,NA,0.10017,classes,Other,0,0,4,10,1.371921182,-12.65217391,Laboratory,Structured,Activity type,0.316496446,0.8411,0.740025761,0.907775269,Row 13708,Classical ML,Mannini 2013 – Classical ML – 111
126,1051,Migueles 2021,No,Threshold / Cutpoint,Threshold,Activity intensity,classes,macro,2,NA,19,Laboratory,Structured,External,Older adults,ActiGraph,Sensitivity,0.845,0.0212,1.69591151,NA,0.013099807,NA,0.013099807,classes,Threshold,0,1,2,22.65217391,-0.628078818,0,Laboratory,Structured,Activity intensity,0.11445439,0.845,0.813297557,0.87216543,Row 1051,Threshold / Cutpoint,Migueles 2021 – Threshold / Cutpoint – 126
57,901,Ellis 2014,No,Classical ML,RandomForest,Activity type,classes,macro,4,40,40,Laboratory,Structured,Cross-validation,Adults,ActiGraph,Sensitivity,0.8457,0.1771,1.701265927,NA,0.460481957,NA,0.460481957,classes,Other,0,0,4,40,1.371921182,17.34782609,Laboratory,Structured,Activity type,0.678588209,0.8457,0.59175689,0.953968241,Row 901,Classical ML,Ellis 2014 – Classical ML – 57
106,51,Lamprecht 2015,No,Classical ML,QuadraticDiscriminant,Sleep,cv_folds,aggregate_cm,2,24,24,Laboratory,Structured,Cross-validation,Children and Youth,Custom,Sensitivity,0.85,NA,1.734601055,NA,NA,NA,0.148242524,constant,Other,0,0,2,24,-0.628078818,1.347826087,Laboratory,Structured,Sleep,0.385022758,0.85,0.727099575,0.923384454,Row 51,Classical ML,Lamprecht 2015 – Classical ML – 106
29,7678,Bianchim 2023,No,Threshold / Cutpoint,Threshold,Activity intensity,classes,macro,3,35,35,Laboratory,Structured,Cross-validation,Children and Youth,ActiGraph,Sensitivity,0.853,0.077,1.758326961,NA,0.125697738,NA,0.125697738,classes,Threshold,0,0,3,35,0.371921182,12.34782609,Laboratory,Structured,Activity intensity,0.354538769,0.853,0.743345663,0.920796819,Row 7678,Threshold / Cutpoint,Bianchim 2023 – Threshold / Cutpoint – 29
123,524,Meredith-Jones 2024,Yes - van Hees 2018,Heuristic Rule,HeuristicRule,Sleep,NA,aggregate_cm,2,NA,137,Free-living,Unstructured,External,Children and Youth,ActiGraph,Sensitivity,0.857,NA,1.790593288,NA,NA,NA,0.148242524,constant,Threshold,0,1,2,22.65217391,-0.628078818,0,Free-living,Unstructured,Sleep,0.385022758,0.857,0.738067546,0.92725294,Row 524,Heuristic Rule,Meredith-Jones 2024 – Heuristic Rule – 123
291,35984,Skjødt 2025,No,Classical ML,RandomForest,Activity intensity,classes,macro,2,NA,26,Laboratory,Hybrid,Hold-out,Older adults,ActivInsights,Sensitivity,0.86,NA,1.815289967,NA,NA,NA,0.148242524,constant,Other,0,1,2,22.65217391,-0.628078818,0,Laboratory,Hybrid,Activity intensity,0.385022758,0.86,0.742813855,0.928901375,Row 35984,Classical ML,Skjødt 2025 – Classical ML – 291
306,37664,Chen 2026,Yes - vanHees 2015,Heuristic Rule,HeuristicRule,Sleep,participants,per_class,2,NA,30,Laboratory,Structured,External,Children and Youth,ActivInsights,Sensitivity,0.86,0.1,1.815289967,NA,NA,NA,0.148242524,constant,Threshold,0,1,2,22.65217391,-0.628078818,0,Laboratory,Structured,Sleep,0.385022758,0.86,0.742813855,0.928901375,Row 37664,Heuristic Rule,Chen 2026 – Heuristic Rule – 306
192,34730,van Loo 2017,Yes - Phillips 2013,Threshold / Cutpoint,Threshold,Activity type,NA,per_class,2,NA,32,Laboratory,Structured,External,Children and Youth,ActivInsights,Sensitivity,0.868,NA,1.883389792,NA,NA,NA,0.148242524,constant,Threshold,0,1,2,22.65217391,-0.628078818,0,Laboratory,Structured,Activity type,0.385022758,0.868,0.755607253,0.933269656,Row 34730,Threshold / Cutpoint,van Loo 2017 – Threshold / Cutpoint – 192
191,34730,van Loo 2017,Yes - Phillips 2013,Threshold / Cutpoint,Threshold,Activity type,NA,per_class,2,NA,25,Laboratory,Structured,External,Children and Youth,ActivInsights,Sensitivity,0.875,NA,1.945910149,NA,NA,NA,0.148242524,constant,Threshold,0,1,2,22.65217391,-0.628078818,0,Laboratory,Structured,Activity type,0.385022758,0.875,0.766967329,0.937059371,Row 34730,Threshold / Cutpoint,van Loo 2017 – Threshold / Cutpoint – 191
20,1830,Banfi 2021,No,Deep Learning,CNN,Sleep,cv_folds,aggregate_cm,2,81,81,Free-living,Unstructured,Cross-validation,Adults,Axivity,Sensitivity,0.8766,0.0628,1.960619677,0.004161032,NA,NA,0.004161032,cv_folds,Other,0,0,2,81,-0.628078818,58.34782609,Free-living,Unstructured,Sleep,0.064506059,0.8766,0.862259858,0.889638273,Row 1830,Deep Learning,Banfi 2021 – Deep Learning – 20
112,11841,Mannini 2017,No,Classical ML,SVM,Activity type,classes,macro,4,53,53,Laboratory,Structured,Cross-validation,Children and Youth; Adults; Older adults,Custom,Sensitivity,0.8786,0.0437,1.979238853,NA,0.041964602,NA,0.041964602,classes,Other,0,0,4,53,1.371921182,30.34782609,Laboratory,Structured,Activity type,0.204852635,0.8786,0.828882462,0.915347569,Row 11841,Classical ML,Mannini 2017 – Classical ML – 112
125,153,Mielke 2023,No,Threshold / Cutpoint,Threshold,Activity intensity,classes,macro,3,NA,86,Laboratory,Structured,Apparent,Adults,ActiGraph,Sensitivity,0.88,0.078,1.992430165,NA,0.181861226,NA,0.181861226,classes,Threshold,0,1,3,22.65217391,0.371921182,0,Laboratory,Structured,Activity intensity,0.426451903,0.88,0.760711535,0.944184812,Row 153,Threshold / Cutpoint,Mielke 2023 – Threshold / Cutpoint – 125
286,35965,Weaver 2025,No,Linear / GLM,LogisticRegression,Sleep,participants,per_class,2,10,136,Laboratory,Structured,Cross-validation,Children and Youth,Garmin,Sensitivity,0.88,0.091,1.992430165,NA,NA,NA,0.148242524,constant,Threshold,0,0,2,10,-0.628078818,-12.65217391,Laboratory,Structured,Sleep,0.385022758,0.88,0.775178324,0.939747931,Row 35965,Linear / GLM,Weaver 2025 – Linear / GLM – 286
49,3932,Dibben 2020,No,Threshold / Cutpoint,Threshold,Activity intensity,classes,macro,2,22,22,Laboratory,Structured,Cross-validation,Adults,ActivInsights,Sensitivity,0.8805,0.0559,1.997173557,NA,0.141123419,NA,0.141123419,classes,Threshold,0,0,2,22,-0.628078818,-0.652173913,Laboratory,Structured,Activity intensity,0.375663971,0.8805,0.779176211,0.938973264,Row 3932,Threshold / Cutpoint,Dibben 2020 – Threshold / Cutpoint – 49
284,35965,Weaver 2025,No,Linear / GLM,LogisticRegression,Sleep,participants,per_class,2,10,141,Laboratory,Structured,Cross-validation,Children and Youth,ActiGraph,Sensitivity,0.881,0.152,2.001934133,NA,NA,NA,0.148242524,constant,Threshold,0,0,2,10,-0.628078818,-12.65217391,Laboratory,Structured,Sleep,0.385022758,0.881,0.776830313,0.940283819,Row 35965,Linear / GLM,Weaver 2025 – Linear / GLM – 284
285,35965,Weaver 2025,No,Linear / GLM,LogisticRegression,Sleep,participants,per_class,2,10,116,Laboratory,Structured,Cross-validation,Children and Youth,Fitbit,Sensitivity,0.883,0.069,2.021151266,NA,NA,NA,0.148242524,constant,Threshold,0,0,2,10,-0.628078818,-12.65217391,Laboratory,Structured,Sleep,0.385022758,0.883,0.780144159,0.941353778,Row 35965,Linear / GLM,Weaver 2025 – Linear / GLM – 285
26,7678,Bianchim 2023,No,Threshold / Cutpoint,Threshold,Activity intensity,classes,macro,3,35,35,Laboratory,Structured,Cross-validation,Children and Youth,ActiGraph,Sensitivity,0.884,0.026,2.030866872,NA,0.021429149,NA,0.021429149,classes,Threshold,0,0,3,35,0.371921182,12.34782609,Laboratory,Structured,Activity intensity,0.146386985,0.884,0.851187889,0.910339343,Row 7678,Threshold / Cutpoint,Bianchim 2023 – Threshold / Cutpoint – 26
155,124,Ryser 2023,No,Heuristic Rule,HeuristicRule,Sleep,NA,aggregate_cm,2,NA,12,Laboratory,Structured,Apparent,Adults,ZurichMOVE,Sensitivity,0.8856,NA,2.046564302,NA,NA,NA,0.148242524,constant,Threshold,0,1,2,22.65217391,-0.628078818,0,Laboratory,Structured,Sleep,0.385022758,0.8856,0.78447194,0.942741116,Row 124,Heuristic Rule,Ryser 2023 – Heuristic Rule – 155
96,8106,Huang 2022,No,Deep Learning,CNN_Attention,Sleep,cv_folds,aggregate_cm,2,5,27,Laboratory,Structured,Cross-validation,Adults,ActivInsights,Sensitivity,0.8891,NA,2.081580821,NA,NA,NA,0.148242524,constant,Other,0,0,2,5,-0.628078818,-17.65217391,Laboratory,Structured,Sleep,0.385022758,0.8891,0.790333397,0.944602274,Row 8106,Deep Learning,Huang 2022 – Deep Learning – 96
16,662,Bakrania 2016,No,Threshold / Cutpoint,Threshold,Activity type,classes,macro,2,33,33,Laboratory,Structured,Cross-validation,Adults,ActivInsights,Sensitivity,0.89,0.246,2.090741097,NA,3.157001839,NA,3.157001839,classes,Threshold,0,0,2,33,-0.628078818,10.34782609,Laboratory,Structured,Activity type,1.776795385,0.89,0.199124084,0.996216293,Row 662,Threshold / Cutpoint,Bakrania 2016 – Threshold / Cutpoint – 16
118,54,Marcotte 2020,Yes - Hildebrand 2017,Threshold / Cutpoint,Threshold,Activity type,NA,per_class,2,NA,48,Free-living,Unstructured,External,Children and Youth,ActiGraph,Sensitivity,0.89,NA,2.090741097,NA,NA,NA,0.148242524,constant,Threshold,0,1,2,22.65217391,-0.628078818,0,Free-living,Unstructured,Activity type,0.385022758,0.89,0.791847278,0.945079673,Row 54,Threshold / Cutpoint,Marcotte 2020 – Threshold / Cutpoint – 118
283,35965,Weaver 2025,No,Linear / GLM,LogisticRegression,Sleep,participants,per_class,2,10,141,Laboratory,Structured,Cross-validation,Children and Youth,Apple,Sensitivity,0.89,0.079,2.090741097,NA,NA,NA,0.148242524,constant,Threshold,0,0,2,10,-0.628078818,-12.65217391,Laboratory,Structured,Sleep,0.385022758,0.89,0.791847278,0.945079673,Row 35965,Linear / GLM,Weaver 2025 – Linear / GLM – 283
156,124,Ryser 2023,No,Heuristic Rule,HeuristicRule,Sleep,NA,aggregate_cm,2,NA,19,Laboratory,Structured,Hold-out,Adults,ZurichMOVE,Sensitivity,0.8938,NA,2.130157928,NA,NA,NA,0.148242524,constant,Threshold,0,1,2,22.65217391,-0.628078818,0,Laboratory,Structured,Sleep,0.385022758,0.8938,0.798269453,0.947090038,Row 124,Heuristic Rule,Ryser 2023 – Heuristic Rule – 156
302,36434,Logacjov 2025,Yes - Yuan 2024,Deep Learning,CNN_LSTM,Sleep,cv_folds,per_class,2,5,100,Laboratory,Structured,External,Older adults,Empatica,Sensitivity,0.895,0.104,2.142863368,0.244946933,NA,NA,0.244946933,cv_folds,Other,0,0,2,5,-0.628078818,-17.65217391,Laboratory,Structured,Sleep,0.494921138,0.895,0.763653993,0.957422091,Row 36434,Deep Learning,Logacjov 2025 – Deep Learning – 302
18,662,Bakrania 2016,No,Threshold / Cutpoint,Threshold,Activity type,classes,macro,2,33,33,Laboratory,Structured,Cross-validation,Adults,ActiGraph; ActivInsights,Sensitivity,0.898,0.0622,2.175197255,NA,0.230567323,NA,0.230567323,classes,Threshold,0,0,2,33,-0.628078818,10.34782609,Laboratory,Structured,Activity type,0.480174263,0.898,0.774527628,0.957561696,Row 662,Threshold / Cutpoint,Bakrania 2016 – Threshold / Cutpoint – 18
300,36434,Logacjov 2025,No,Deep Learning,ANN,Sleep,cv_folds,per_class,2,5,100,Laboratory,Structured,Cross-validation,Older adults,Empatica,Sensitivity,0.899,0.11,2.186162518,0.2935305,NA,NA,0.2935305,cv_folds,Other,0,0,2,5,-0.628078818,-17.65217391,Laboratory,Structured,Sleep,0.541784552,0.899,0.754778935,0.962603347,Row 36434,Deep Learning,Logacjov 2025 – Deep Learning – 300
60,35670,Esliger 2011,No,Threshold / Cutpoint,Threshold,Activity intensity,classes,macro,3,NA,60,Hybrid,Structured,Apparent,Adults,Unilever & ActivInsights,Sensitivity,0.9,0.1044,2.197224577,NA,0.448533333,NA,0.448533333,classes,Threshold,0,1,3,22.65217391,0.371921182,0,Hybrid,Structured,Activity intensity,0.669726312,0.9,0.707766481,0.970967811,Row 35670,Threshold / Cutpoint,Esliger 2011 – Threshold / Cutpoint – 60
124,153,Mielke 2023,No,Threshold / Cutpoint,Threshold,Activity intensity,classes,macro,3,NA,86,Laboratory,Structured,Apparent,Adults,ActivInsights,Sensitivity,0.9,0.052,2.197224577,NA,0.11127572,NA,0.11127572,classes,Threshold,0,1,3,22.65217391,0.371921182,0,Laboratory,Structured,Activity intensity,0.333580156,0.9,0.823959526,0.945372504,Row 153,Threshold / Cutpoint,Mielke 2023 – Threshold / Cutpoint – 124
21,9734,Barouni 2020,No,Threshold / Cutpoint,Threshold,Sleep,classes,macro,3,NA,93,Hybrid,Hybrid,Apparent,Adults,Movisens,Sensitivity,0.9011,0.0218,2.209507001,NA,0.019945879,NA,0.019945879,classes,Threshold,0,1,3,22.65217391,0.371921182,0,Hybrid,Hybrid,Sleep,0.141229878,0.9011,0.873547575,0.923177046,Row 9734,Threshold / Cutpoint,Barouni 2020 – Threshold / Cutpoint – 21
147,339,Pavey 2017,No,Classical ML,RandomForest,Activity type,classes,macro,4,21,21,Laboratory,Structured,Cross-validation,Adults,ActivInsights,Sensitivity,0.905,0.072,2.254058052,NA,0.175331776,NA,0.175331776,classes,Other,0,0,4,21,1.371921182,-1.652173913,Laboratory,Structured,Activity type,0.418726374,0.905,0.807423426,0.955839604,Row 339,Classical ML,Pavey 2017 – Classical ML – 147
204,11204,Yoshida 2017,No,Threshold / Cutpoint,Threshold,Sleep,NA,aggregate_cm,2,NA,261,Laboratory,Structured,Apparent,Adults; Older adults,Suzuken Co.,Sensitivity,0.905,NA,2.254058052,NA,NA,NA,0.148242524,constant,Threshold,0,1,2,22.65217391,-0.628078818,0,Laboratory,Structured,Sleep,0.385022758,0.905,0.817486977,0.952965739,Row 11204,Threshold / Cutpoint,Yoshida 2017 – Threshold / Cutpoint – 204
42,804,Chao 2021,No,Classical ML,RandomForest,Sleep,external_test,aggregate_cm,2,NA,27,Laboratory,Structured,External,Adults,Apple; ActivInsights,Sensitivity,0.906,0.17,2.265744524,NA,NA,3.984609263,0.148242524,constant,Other,0,1,2,22.65217391,-0.628078818,0,Laboratory,Structured,Sleep,0.385022758,0.906,0.819224157,0.953486786,Row 804,Classical ML,Chao 2021 – Classical ML – 42
206,5985,Yuan 2024,No,Deep Learning,CNN_LSTM,Sleep,cv_folds,aggregate_cm,2,5,1688,Laboratory,Structured,Apparent,Adults,ActiGraph; Axivity; ActivInsights,Sensitivity,0.9064,NA,2.270450326,NA,NA,NA,0.148242524,constant,Other,0,0,2,5,-0.628078818,-17.65217391,Laboratory,Structured,Sleep,0.385022758,0.9064,0.819920021,0.953695043,Row 5985,Deep Learning,Yuan 2024 – Deep Learning – 206
194,417,vanHees 2015,No,Heuristic Rule,HeuristicRule,Sleep,external_test,aggregate_cm,2,NA,28,Laboratory,Structured,External,Adults; Older adults,ActivInsights,Sensitivity,0.91,0.03,2.313634929,NA,NA,0.134175958,0.148242524,constant,Threshold,0,1,2,22.65217391,-0.628078818,0,Laboratory,Structured,Sleep,0.385022758,0.91,0.826208423,0.955565178,Row 417,Heuristic Rule,vanHees 2015 – Heuristic Rule – 194
113,11841,Mannini 2017,No,Classical ML,SVM,Activity type,classes,macro,4,20,20,Laboratory,Structured,Cross-validation,Children and Youth,Custom,Sensitivity,0.912,0.0173,2.338303176,NA,0.011616551,NA,0.011616551,classes,Other,0,0,4,20,1.371921182,-2.652173913,Laboratory,Structured,Activity type,0.107780104,0.912,0.893505026,0.927543424,Row 11841,Classical ML,Mannini 2017 – Classical ML – 113
148,362,Phillips 2013,No,Threshold / Cutpoint,Threshold,Activity intensity,classes,macro,3,NA,44,Laboratory,Structured,Apparent,Children and Youth,Unilever & ActivInsights,Sensitivity,0.9138,0.0332,2.360941551,NA,0.059215864,NA,0.059215864,classes,Threshold,0,1,3,22.65217391,0.371921182,0,Laboratory,Structured,Activity intensity,0.2433431,0.9138,0.868068648,0.944689526,Row 362,Threshold / Cutpoint,Phillips 2013 – Threshold / Cutpoint – 148
50,2188,Duncan 2016,Yes - Phillips 2014,Threshold / Cutpoint,Threshold,Activity intensity,classes,macro,4,NA,15,Laboratory,Structured,External,Children and Youth,ActivInsights,Sensitivity,0.915,0.0733,2.376272809,NA,0.222058764,NA,0.222058764,classes,Threshold,0,1,4,22.65217391,1.371921182,0,Laboratory,Structured,Activity intensity,0.471231115,0.915,0.810407446,0.964424893,Row 2188,Threshold / Cutpoint,Duncan 2016 – Threshold / Cutpoint – 50
205,5985,Yuan 2024,No,Deep Learning,CNN_LSTM,Sleep,external_test,aggregate_cm,2,NA,52,Laboratory,Structured,External,Adults,ActiGraph; Axivity; ActivInsights,Sensitivity,0.9195,NA,2.43557286,NA,NA,NA,0.148242524,constant,Other,0,1,2,22.65217391,-0.628078818,0,Laboratory,Structured,Sleep,0.385022758,0.9195,0.843027408,0.960464479,Row 5985,Deep Learning,Yuan 2024 – Deep Learning – 205
108,14825,Liang 2011,No,Heuristic Rule,HeuristicRule,Sleep,NA,aggregate_cm,2,NA,24,Laboratory,Structured,Hold-out,NA,Custom,Sensitivity,0.92,NA,2.442347035,NA,NA,NA,0.148242524,constant,Threshold,0,1,2,22.65217391,-0.628078818,0,Laboratory,Structured,Sleep,0.385022758,0.92,0.843921768,0.96072091,Row 14825,Heuristic Rule,Liang 2011 – Heuristic Rule – 108
149,188,Plekhanova 2023,Yes - van Hees 2018,Heuristic Rule,HeuristicRule,Sleep,external_test,aggregate_cm,2,NA,30,Laboratory,Structured,External,Adults,Axivity,Sensitivity,0.92,0.06,2.442347035,NA,NA,0.664579395,0.148242524,constant,Threshold,0,1,2,22.65217391,-0.628078818,0,Laboratory,Structured,Sleep,0.385022758,0.92,0.843921768,0.96072091,Row 188,Heuristic Rule,Plekhanova 2023 – Heuristic Rule – 149
195,4934,vanHees 2018,No,Heuristic Rule,HeuristicRule,Sleep,NA,aggregate_cm,2,NA,28,Laboratory,Structured,External,Adults; Older adults,ActivInsights,Sensitivity,0.92,NA,2.442347035,NA,NA,NA,0.148242524,constant,Threshold,0,1,2,22.65217391,-0.628078818,0,Laboratory,Structured,Sleep,0.385022758,0.92,0.843921768,0.96072091,Row 4934,Heuristic Rule,vanHees 2018 – Heuristic Rule – 195
295,36015,Bailey 2025,No,Threshold / Cutpoint,Threshold,Activity intensity,classes,macro,2,NA,15,Laboratory,Structured,Apparent,Adults,Glenworth Associates,Sensitivity,0.925,0.035,2.512305624,NA,0.127262398,NA,0.127262398,classes,Threshold,0,1,2,22.65217391,-0.628078818,0,Laboratory,Structured,Activity intensity,0.356738556,0.925,0.859735885,0.961265248,Row 36015,Threshold / Cutpoint,Bailey 2025 – Threshold / Cutpoint – 295
25,7678,Bianchim 2023,No,Threshold / Cutpoint,Threshold,Activity intensity,classes,macro,3,28,28,Laboratory,Structured,Cross-validation,Children and Youth,ActivInsights,Sensitivity,0.929,0.046,2.571428862,NA,0.162123617,NA,0.162123617,classes,Threshold,0,0,3,28,0.371921182,5.347826087,Laboratory,Structured,Activity intensity,0.402645771,0.929,0.855973629,0.966450709,Row 7678,Threshold / Cutpoint,Bianchim 2023 – Threshold / Cutpoint – 25
23,7678,Bianchim 2023,No,Threshold / Cutpoint,Threshold,Activity intensity,classes,macro,3,28,28,Laboratory,Structured,Cross-validation,Children and Youth,ActivInsights,Sensitivity,0.93,0.023,2.586689344,NA,0.041607578,NA,0.041607578,classes,Threshold,0,0,3,28,0.371921182,5.347826087,Laboratory,Structured,Activity intensity,0.203979358,0.93,0.899066018,0.951959994,Row 7678,Threshold / Cutpoint,Bianchim 2023 – Threshold / Cutpoint – 23
150,188,Plekhanova 2023,Yes - van Hees 2018,Heuristic Rule,HeuristicRule,Sleep,external_test,aggregate_cm,2,NA,30,Laboratory,Structured,External,Adults,ActivInsights,Sensitivity,0.93,0.06,2.586689344,NA,NA,0.849455287,0.148242524,constant,Threshold,0,1,2,22.65217391,-0.628078818,0,Laboratory,Structured,Sleep,0.385022758,0.93,0.862005133,0.965819906,Row 188,Heuristic Rule,Plekhanova 2023 – Heuristic Rule – 150
151,188,Plekhanova 2023,Yes - van Hees 2018,Heuristic Rule,HeuristicRule,Sleep,external_test,aggregate_cm,2,NA,30,Laboratory,Structured,External,Adults,ActiGraph,Sensitivity,0.93,0.06,2.586689344,NA,NA,0.849455287,0.148242524,constant,Threshold,0,1,2,22.65217391,-0.628078818,0,Laboratory,Structured,Sleep,0.385022758,0.93,0.862005133,0.965819906,Row 188,Heuristic Rule,Plekhanova 2023 – Heuristic Rule – 151
196,4934,vanHees 2018,No,Heuristic Rule,HeuristicRule,Sleep,NA,aggregate_cm,2,NA,22,Laboratory,Structured,External,Adults; Older adults,Axivity,Sensitivity,0.93,NA,2.586689344,NA,NA,NA,0.148242524,constant,Threshold,0,1,2,22.65217391,-0.628078818,0,Laboratory,Structured,Sleep,0.385022758,0.93,0.862005133,0.965819906,Row 4934,Heuristic Rule,vanHees 2018 – Heuristic Rule – 196
84,1041,Hibbing 2018,No,Threshold / Cutpoint,Threshold,Activity intensity,classes,macro,2,30,30,Laboratory,Structured,Cross-validation,Adults,ActiGraph,Sensitivity,0.933,NA,2.633712581,NA,NA,NA,0.148242524,constant,Threshold,0,0,2,30,-0.628078818,7.347826087,Laboratory,Structured,Activity intensity,0.385022758,0.933,0.867504036,0.967338681,Row 1041,Threshold / Cutpoint,Hibbing 2018 – Threshold / Cutpoint – 84
15,662,Bakrania 2016,No,Threshold / Cutpoint,Threshold,Activity type,classes,macro,2,33,33,Laboratory,Structured,Cross-validation,Adults,ActivInsights,Sensitivity,0.934,0.1315,2.649821696,NA,2.27530639,NA,2.27530639,classes,Threshold,0,0,2,33,-0.628078818,10.34782609,Laboratory,Structured,Activity type,1.508411877,0.934,0.42392884,0.996338846,Row 662,Threshold / Cutpoint,Bakrania 2016 – Threshold / Cutpoint – 15
75,4775,Fraysse 2020,No,Threshold / Cutpoint,Threshold,Activity intensity,classes,macro,2,NA,31,Laboratory,Structured,Apparent,Older adults,ActivInsights,Sensitivity,0.935,0.0495,2.666159259,NA,0.33168854,NA,0.33168854,classes,Threshold,0,1,2,22.65217391,-0.628078818,0,Laboratory,Structured,Activity intensity,0.575924075,0.935,0.823078882,0.978010825,Row 4775,Threshold / Cutpoint,Fraysse 2020 – Threshold / Cutpoint – 75
301,36434,Logacjov 2025,No,Heuristic Rule,HeuristicRule,Sleep,cv_folds,per_class,2,5,100,Laboratory,Structured,Cross-validation,Older adults,Empatica,Sensitivity,0.939,0.076,2.733941615,0.352100244,NA,NA,0.352100244,cv_folds,Threshold,0,0,2,5,-0.628078818,-17.65217391,Laboratory,Structured,Sleep,0.593380353,0.939,0.82791417,0.980100629,Row 36434,Heuristic Rule,Logacjov 2025 – Heuristic Rule – 301
164,574,Schaefer 2014,No,Threshold / Cutpoint,Threshold,Activity intensity,classes,macro,3,24,24,Laboratory,Structured,Cross-validation,Children and Youth,ActivInsights,Sensitivity,0.943,0.0304,2.806015015,NA,0.106623471,NA,0.106623471,classes,Threshold,0,0,3,24,0.371921182,1.347826087,Laboratory,Structured,Activity intensity,0.326532496,0.943,0.897155524,0.969112188,Row 574,Threshold / Cutpoint,Schaefer 2014 – Threshold / Cutpoint – 164
17,662,Bakrania 2016,No,Threshold / Cutpoint,Threshold,Activity type,classes,macro,2,33,33,Laboratory,Structured,Cross-validation,Adults,ActiGraph,Sensitivity,0.946,0.1207,2.863258522,NA,2.791352938,NA,2.791352938,classes,Threshold,0,0,2,33,-0.628078818,10.34782609,Laboratory,Structured,Activity type,1.670734251,0.946,0.398581123,0.997845194,Row 662,Threshold / Cutpoint,Bakrania 2016 – Threshold / Cutpoint – 17
280,35965,Weaver 2025,No,Deep Learning,LSTM,Sleep,participants,per_class,2,10,141,Laboratory,Structured,Cross-validation,Children and Youth,ActiGraph,Sensitivity,0.949,0.062,2.923583166,NA,NA,NA,0.148242524,constant,Other,0,0,2,10,-0.628078818,-12.65217391,Laboratory,Structured,Sleep,0.385022758,0.949,0.897425299,0.975355007,Row 35965,Deep Learning,Weaver 2025 – Deep Learning – 280
109,5753,Mahadevan 2021,Yes - implements published Cole-Kripke-Webster heuristically with open-source activity index proxy,Heuristic Rule,HeuristicRule,Sleep,cv_folds,aggregate_cm,2,32,32,Laboratory,Structured,Cross-validation,Children and Youth; Adults,ActivInsights,Sensitivity,0.95,0.08,2.944438979,0.088642659,NA,NA,0.088642659,cv_folds,Threshold,0,0,2,32,-0.628078818,9.347826087,Laboratory,Structured,Sleep,0.297729171,0.95,0.913795924,0.971473712,Row 5753,Heuristic Rule,Mahadevan 2021 – Heuristic Rule – 109
197,984,Walch 2019,No,Classical ML,ANN,Sleep,NA,aggregate_cm,2,50,31,Laboratory,Structured,Cross-validation,Adults,Apple,Sensitivity,0.95,NA,2.944438979,NA,NA,NA,0.148242524,constant,Other,0,0,2,50,-0.628078818,27.34782609,Laboratory,Structured,Sleep,0.385022758,0.95,0.899329291,0.975851392,Row 984,Classical ML,Walch 2019 – Classical ML – 197
198,984,Walch 2019,No,Linear / GLM,LogisticRegression,Sleep,NA,aggregate_cm,2,50,31,Laboratory,Structured,Cross-validation,Adults,Apple,Sensitivity,0.95,NA,2.944438979,NA,NA,NA,0.148242524,constant,Threshold,0,0,2,50,-0.628078818,27.34782609,Laboratory,Structured,Sleep,0.385022758,0.95,0.899329291,0.975851392,Row 984,Linear / GLM,Walch 2019 – Linear / GLM – 198
281,35965,Weaver 2025,No,Deep Learning,LSTM,Sleep,participants,per_class,2,10,116,Laboratory,Structured,Cross-validation,Children and Youth,Fitbit,Sensitivity,0.95,0.077,2.944438979,NA,NA,NA,0.148242524,constant,Other,0,0,2,10,-0.628078818,-12.65217391,Laboratory,Structured,Sleep,0.385022758,0.95,0.899329291,0.975851392,Row 35965,Deep Learning,Weaver 2025 – Deep Learning – 281
307,37664,Chen 2026,Yes - Sadeh 1994 algorithm (GGIR),Threshold / Cutpoint,Threshold,Sleep,participants,per_class,2,NA,30,Laboratory,Structured,External,Children and Youth,ActivInsights,Sensitivity,0.95,0.1,2.944438979,NA,NA,NA,0.148242524,constant,Threshold,0,1,2,22.65217391,-0.628078818,0,Laboratory,Structured,Sleep,0.385022758,0.95,0.899329291,0.975851392,Row 37664,Threshold / Cutpoint,Chen 2026 – Threshold / Cutpoint – 307
102,513,Kuo 2017,No,Heuristic Rule,HeuristicRule,Sleep,NA,aggregate_cm,2,NA,59,Laboratory,Structured,Hold-out,Adults,Custom,Sensitivity,0.9502,NA,2.948657505,NA,NA,NA,0.148242524,constant,Threshold,0,1,2,22.65217391,-0.628078818,0,Laboratory,Structured,Sleep,0.385022758,0.9502,0.899710577,0.975950604,Row 513,Heuristic Rule,Kuo 2017 – Heuristic Rule – 102
81,2956,Hernando 2018,No,Threshold / Cutpoint,Threshold,Activity intensity,classes,macro,6,NA,98,Laboratory,Structured,Apparent,Adults,ActivInsights,Sensitivity,0.9508,0.0357,2.961410112,NA,0.097068123,NA,0.097068123,classes,Threshold,0,1,6,22.65217391,3.371921182,0,Laboratory,Structured,Activity intensity,0.311557575,0.9508,0.9129944,0.972670082,Row 2956,Threshold / Cutpoint,Hernando 2018 – Threshold / Cutpoint – 81
184,10036,Trevenen 2019,No,Probabilistic Temporal,HMM,Sleep,cv_folds,aggregate_cm,2,10,242,Laboratory,Structured,Cross-validation,Adults,ActiGraph,Sensitivity,0.951,0.062,2.965693764,0.177023199,NA,NA,0.177023199,cv_folds,Other,0,0,2,10,-0.628078818,-12.65217391,Laboratory,Structured,Sleep,0.42074125,0.951,0.894828612,0.977911166,Row 10036,Probabilistic Temporal,Trevenen 2019 – Probabilistic Temporal – 184
24,7678,Bianchim 2023,No,Threshold / Cutpoint,Threshold,Activity intensity,classes,macro,3,35,35,Laboratory,Structured,Cross-validation,Children and Youth,ActivInsights,Sensitivity,0.952,0.023,2.987364024,NA,0.084445798,NA,0.084445798,classes,Threshold,0,0,3,35,0.371921182,12.34782609,Laboratory,Structured,Activity intensity,0.290595592,0.952,0.91817436,0.97226495,Row 7678,Threshold / Cutpoint,Bianchim 2023 – Threshold / Cutpoint – 24
177,687,TeLindert 2020,Yes -  Oakley 1997 Sleep algorithm + Immobile-mobile algorithm Meltzer 2015,Threshold / Cutpoint,Threshold,Sleep,external_test,aggregate_cm,2,NA,12,Laboratory,Structured,Hold-out,Adults; Older adults,ActivInsights,Sensitivity,0.953,0.03,3.009467302,NA,NA,0.44860178,0.148242524,constant,Threshold,0,1,2,22.65217391,-0.628078818,0,Laboratory,Structured,Sleep,0.385022758,0.953,0.90506572,0.977337311,Row 687,Threshold / Cutpoint,TeLindert 2020 – Threshold / Cutpoint – 177
70,7483,Felton 2023,Yes - Cole-Kripke 1992 algorithm,Threshold / Cutpoint,Threshold,Sleep,NA,aggregate_cm,2,NA,31,Laboratory,Structured,External,Adults,Apple; Custom,Sensitivity,0.954,NA,3.032022275,NA,NA,NA,0.148242524,constant,Threshold,0,1,2,22.65217391,-0.628078818,0,Laboratory,Structured,Sleep,0.385022758,0.954,0.906986057,0.977831541,Row 7483,Threshold / Cutpoint,Felton 2023 – Threshold / Cutpoint – 70
282,35965,Weaver 2025,No,Deep Learning,LSTM,Sleep,participants,per_class,2,10,136,Laboratory,Structured,Cross-validation,Children and Youth,Garmin,Sensitivity,0.956,0.044,3.078568279,NA,NA,NA,0.148242524,constant,Other,0,0,2,10,-0.628078818,-12.65217391,Laboratory,Structured,Sleep,0.385022758,0.956,0.910839101,0.978818392,Row 35965,Deep Learning,Weaver 2025 – Deep Learning – 282
176,687,TeLindert 2020,Yes -  Oakley 1997 Sleep algorithm + Immobile-mobile algorithm Meltzer 2015,Threshold / Cutpoint,Threshold,Sleep,external_test,aggregate_cm,2,NA,11,Laboratory,Structured,Hold-out,Adults; Older adults,ActivInsights,Sensitivity,0.958,0.029,3.12717816,NA,NA,0.519477087,0.148242524,constant,Threshold,0,1,2,22.65217391,-0.628078818,0,Laboratory,Structured,Sleep,0.385022758,0.958,0.914708728,0.979803105,Row 687,Threshold / Cutpoint,TeLindert 2020 – Threshold / Cutpoint – 176
279,35965,Weaver 2025,No,Deep Learning,LSTM,Sleep,participants,per_class,2,10,141,Laboratory,Structured,Cross-validation,Children and Youth,Apple,Sensitivity,0.959,0.057,3.152319008,NA,NA,NA,0.148242524,constant,Other,0,0,2,10,-0.628078818,-12.65217391,Laboratory,Structured,Sleep,0.385022758,0.959,0.916649793,0.980294662,Row 35965,Deep Learning,Weaver 2025 – Deep Learning – 279
74,4775,Fraysse 2020,Yes - Esliger 2011,Threshold / Cutpoint,Threshold,Activity intensity,classes,macro,2,NA,31,Laboratory,Structured,External,Older adults,ActivInsights,Sensitivity,0.96,0.0141,3.17805383,NA,0.06741333,NA,0.06741333,classes,Threshold,0,1,2,22.65217391,-0.628078818,0,Laboratory,Structured,Activity intensity,0.259640771,0.96,0.935182006,0.975563796,Row 4775,Threshold / Cutpoint,Fraysse 2020 – Threshold / Cutpoint – 74
145,4554,Papadopoulos 2015,No,Threshold / Cutpoint,Threshold,Activity type,NA,macro,2,NA,17,Free-living,Unstructured,Hold-out,Older adults,Custom,Sensitivity,0.96,NA,3.17805383,NA,NA,NA,0.148242524,constant,Threshold,0,1,2,22.65217391,-0.628078818,0,Free-living,Unstructured,Activity type,0.385022758,0.96,0.918595044,0.980785686,Row 4554,Threshold / Cutpoint,Papadopoulos 2015 – Threshold / Cutpoint – 145
175,884,Tabar 2021,No,Classical ML,RandomForest,Sleep,cv_folds,aggregate_cm,2,20,20,Free-living,Structured,Cross-validation,Adults,ActivInsights,Sensitivity,0.9606,NA,3.193792273,NA,NA,NA,0.148242524,constant,Other,0,0,2,20,-0.628078818,-2.652173913,Free-living,Structured,Sleep,0.385022758,0.9606,0.91976421,0.981080045,Row 884,Classical ML,Tabar 2021 – Classical ML – 175
22,7678,Bianchim 2023,No,Threshold / Cutpoint,Threshold,Activity intensity,classes,macro,3,35,35,Laboratory,Structured,Cross-validation,Children and Youth,ActivInsights,Sensitivity,0.961,0.022,3.204412763,NA,0.114854527,NA,0.114854527,classes,Threshold,0,0,3,35,0.371921182,12.34782609,Laboratory,Structured,Activity intensity,0.338901943,0.961,0.926910003,0.979540987,Row 7678,Threshold / Cutpoint,Bianchim 2023 – Threshold / Cutpoint – 22
40,804,Chao 2021,No,Linear / GLM,LogisticRegression,Sleep,external_test,aggregate_cm,2,NA,31,Laboratory,Structured,External,Adults,Apple; ActivInsights,Sensitivity,0.961,0.04,3.204412763,NA,NA,1.13905316,0.148242524,constant,Threshold,0,1,2,22.65217391,-0.628078818,0,Laboratory,Structured,Sleep,0.385022758,0.961,0.920544495,0.981276179,Row 804,Linear / GLM,Chao 2021 – Linear / GLM – 40
141,25046,Ode 2022,No,Classical ML,GradientBoosting,Sleep,NA,aggregate_cm,2,25,25,Laboratory,Structured,Cross-validation,Adults,Custom,Sensitivity,0.9613,NA,3.212446935,NA,NA,NA,0.148242524,constant,Other,0,0,2,25,-0.628078818,2.347826087,Laboratory,Structured,Sleep,0.385022758,0.9613,0.921130151,0.981423223,Row 25046,Classical ML,Ode 2022 – Classical ML – 141
130,4239,Montoye 2016,No,Classical ML,ANN,Activity type,classes,macro,3,40,40,Laboratory,Hybrid,Cross-validation,Adults,ActiGraph; ActivInsights,Sensitivity,0.9645,0.0381,3.302077136,NA,0.412731415,NA,0.412731415,classes,Other,0,0,3,40,0.371921182,17.34782609,Laboratory,Hybrid,Activity type,0.64244176,0.9645,0.88522735,0.989659196,Row 4239,Classical ML,Montoye 2016 – Classical ML – 130
298,36434,Logacjov 2025,No,Heuristic Rule,HeuristicRule,Sleep,cv_folds,per_class,2,31,31,Laboratory,Structured,Cross-validation,Adults,Apple,Sensitivity,0.965,0.035,3.31678004,0.034640462,NA,NA,0.034640462,cv_folds,Threshold,0,0,2,31,-0.628078818,8.347826087,Laboratory,Structured,Sleep,0.186119484,0.965,0.950357261,0.97543532,Row 36434,Heuristic Rule,Logacjov 2025 – Heuristic Rule – 298
95,8106,Huang 2022,No,Deep Learning,CNN_Attention,Sleep,cv_folds,aggregate_cm,2,5,31,Laboratory,Structured,Cross-validation,Adults,Apple,Sensitivity,0.9671,NA,3.380829245,NA,NA,NA,0.148242524,constant,Other,0,0,2,5,-0.628078818,-17.65217391,Laboratory,Structured,Sleep,0.385022758,0.9671,0.932527884,0.984256731,Row 8106,Deep Learning,Huang 2022 – Deep Learning – 95
207,2101,Zhang 2012,No,Classical ML,DecisionTree,Activity type,classes,macro,4,NA,20,Hybrid,Structured,Hold-out,Adults,Unilever & ActivInsights,Sensitivity,0.9687,0.0268,3.432336869,NA,0.195318024,NA,0.195318024,classes,Other,0,1,4,22.65217391,1.371921182,0,Hybrid,Structured,Activity type,0.441947988,0.9687,0.928648956,0.986593983,Row 2101,Classical ML,Zhang 2012 – Classical ML – 207
90,46,Hildebrand 2017,No,Threshold / Cutpoint,Threshold,Activity type,NA,per_class,2,10,30,Laboratory,Structured,Cross-validation,Children and Youth,ActivInsights,Sensitivity,0.97,NA,3.47609869,NA,NA,NA,0.148242524,constant,Threshold,0,0,2,10,-0.628078818,-12.65217391,Laboratory,Structured,Activity type,0.385022758,0.97,0.938280793,0.985666849,Row 46,Threshold / Cutpoint,Hildebrand 2017 – Threshold / Cutpoint – 90
73,7483,Felton 2023,Yes - Kripke 2010 algorithm,Threshold / Cutpoint,Threshold,Sleep,NA,aggregate_cm,2,NA,31,Laboratory,Structured,External,Adults,Apple; Custom,Sensitivity,0.972,NA,3.547151294,NA,NA,NA,0.148242524,constant,Threshold,0,1,2,22.65217391,-0.628078818,0,Laboratory,Structured,Sleep,0.385022758,0.972,0.942269554,0.986636781,Row 7483,Threshold / Cutpoint,Felton 2023 – Threshold / Cutpoint – 73
101,7472,Kim 2023,No,Classical ML,RandomForest,Sleep,NA,macro,2,NA,30,Laboratory,Structured,Apparent,Adults,Maxim Integrated,Sensitivity,0.9739,NA,3.619373315,NA,NA,NA,0.148242524,constant,Other,0,1,2,22.65217391,-0.628078818,0,Laboratory,Structured,Sleep,0.385022758,0.9739,0.946075054,0.987556286,Row 7472,Classical ML,Kim 2023 – Classical ML – 101
72,7483,Felton 2023,Yes - Oakley 1997 algorithm,Threshold / Cutpoint,Threshold,Sleep,NA,aggregate_cm,2,NA,31,Laboratory,Structured,External,Adults,Apple; Custom,Sensitivity,0.974,NA,3.623314766,NA,NA,NA,0.148242524,constant,Threshold,0,1,2,22.65217391,-0.628078818,0,Laboratory,Structured,Sleep,0.385022758,0.974,0.946275782,0.987604629,Row 7483,Threshold / Cutpoint,Felton 2023 – Threshold / Cutpoint – 72
299,36434,Logacjov 2025,Yes - Yuan 2024,Deep Learning,CNN_LSTM,Sleep,cv_folds,per_class,2,31,31,Laboratory,Structured,External,Adults,Apple,Sensitivity,0.977,0.025,3.748992436,0.039927629,NA,NA,0.039927629,cv_folds,Other,0,0,2,31,-0.628078818,8.347826087,Laboratory,Structured,Sleep,0.199818991,0.977,0.966344608,0.984336546,Row 36434,Deep Learning,Logacjov 2025 – Deep Learning – 299
91,46,Hildebrand 2017,No,Threshold / Cutpoint,Threshold,Activity type,NA,per_class,2,10,30,Laboratory,Structured,Cross-validation,Adults,ActivInsights,Sensitivity,0.98,NA,3.891820298,NA,NA,NA,0.148242524,constant,Threshold,0,0,2,10,-0.628078818,-12.65217391,Laboratory,Structured,Activity type,0.385022758,0.98,0.958400424,0.990495735,Row 46,Threshold / Cutpoint,Hildebrand 2017 – Threshold / Cutpoint – 91
92,46,Hildebrand 2017,No,Threshold / Cutpoint,Threshold,Activity type,NA,per_class,2,10,30,Laboratory,Structured,Cross-validation,Children and Youth; Adults,ActiGraph,Sensitivity,0.98,NA,3.891820298,NA,NA,NA,0.148242524,constant,Threshold,0,0,2,10,-0.628078818,-12.65217391,Laboratory,Structured,Activity type,0.385022758,0.98,0.958400424,0.990495735,Row 46,Threshold / Cutpoint,Hildebrand 2017 – Threshold / Cutpoint – 92
93,46,Hildebrand 2017,No,Threshold / Cutpoint,Threshold,Activity type,NA,per_class,2,10,30,Laboratory,Structured,Cross-validation,Adults,ActiGraph,Sensitivity,0.98,NA,3.891820298,NA,NA,NA,0.148242524,constant,Threshold,0,0,2,10,-0.628078818,-12.65217391,Laboratory,Structured,Activity type,0.385022758,0.98,0.958400424,0.990495735,Row 46,Threshold / Cutpoint,Hildebrand 2017 – Threshold / Cutpoint – 93
39,804,Chao 2021,No,Linear / GLM,LogisticRegression,Sleep,external_test,aggregate_cm,2,NA,27,Laboratory,Structured,External,Adults,Apple; ActivInsights,Sensitivity,0.988,0.08,4.410776048,NA,NA,45.53062299,0.148242524,constant,Threshold,0,1,2,22.65217391,-0.628078818,0,Laboratory,Structured,Sleep,0.385022758,0.988,0.974818248,0.994321766,Row 804,Linear / GLM,Chao 2021 – Linear / GLM – 39
297,36434,Logacjov 2025,No,Deep Learning,ANN,Sleep,cv_folds,per_class,2,31,31,Laboratory,Structured,Cross-validation,Adults,Apple,Sensitivity,0.989,0.013,4.498799059,0.046062452,NA,NA,0.046062452,cv_folds,Other,0,0,2,31,-0.628078818,8.347826087,Laboratory,Structured,Sleep,0.21462165,0.989,0.983343216,0.992749857,Row 36434,Deep Learning,Logacjov 2025 – Deep Learning – 297
71,7483,Felton 2023,Yes - Webster 1982 algorthm,Threshold / Cutpoint,Threshold,Sleep,NA,aggregate_cm,2,NA,31,Laboratory,Structured,External,Adults,Apple; Custom,Sensitivity,0.992,NA,4.820281566,NA,NA,NA,0.148242524,constant,Threshold,0,1,2,22.65217391,-0.628078818,0,Laboratory,Structured,Sleep,0.385022758,0.992,0.983137172,0.996222568,Row 7483,Threshold / Cutpoint,Felton 2023 – Threshold / Cutpoint – 71
31,6979,Bianchim 2024,No,Classical ML,GradientBoosting,Activity intensity,classes,NA,4,10,28,Laboratory,Structured,Cross-validation,Children and Youth,ActivInsights,Sensitivity,1,NA,13.81550956,NA,NA,NA,0.148242524,constant,Other,0,0,4,10,1.371921182,-12.65217391,Laboratory,Structured,Activity intensity,0.385022758,1,0.999997873,1,Row 6979,Classical ML,Bianchim 2024 – Classical ML – 31
32,6979,Bianchim 2024,No,Classical ML,GradientBoosting,Activity intensity,classes,NA,4,10,35,Laboratory,Structured,Cross-validation,Children and Youth,ActivInsights,Sensitivity,1,NA,13.81550956,NA,NA,NA,0.148242524,constant,Other,0,0,4,10,1.371921182,-12.65217391,Laboratory,Structured,Activity intensity,0.385022758,1,0.999997873,1,Row 6979,Classical ML,Bianchim 2024 – Classical ML – 32
33,6979,Bianchim 2024,No,Classical ML,GradientBoosting,Activity intensity,classes,NA,4,10,35,Laboratory,Structured,Cross-validation,Children and Youth,ActiGraph,Sensitivity,1,NA,13.81550956,NA,NA,NA,0.148242524,constant,Other,0,0,4,10,1.371921182,-12.65217391,Laboratory,Structured,Activity intensity,0.385022758,1,0.999997873,1,Row 6979,Classical ML,Bianchim 2024 – Classical ML – 33
43,804,Chao 2021,No,Classical ML,RandomForest,Sleep,external_test,aggregate_cm,2,NA,31,Laboratory,Structured,External,Adults,Apple; ActivInsights,Sensitivity,1,0.01,13.81550956,NA,NA,100000200,0.148242524,constant,Other,0,1,2,22.65217391,-0.628078818,0,Laboratory,Structured,Sleep,0.385022758,1,0.999997873,1,Row 804,Classical ML,Chao 2021 – Classical ML – 43
149,188,Plekhanova 2023,Yes - van Hees 2018,Heuristic Rule,HeuristicRule,Sleep,external_test,aggregate_cm,2,NA,30,Laboratory,Structured,External,Adults,Axivity,Specificity,0.2,0.21,-1.386294361,NA,NA,1.72265625,0.148242524,constant,Threshold,0,1,2,22.65217391,-0.628078818,0,Laboratory,Structured,Sleep,0.385022758,0.2,0.105180983,0.347136555,Row 188,Heuristic Rule,Plekhanova 2023 – Heuristic Rule – 149
150,188,Plekhanova 2023,Yes - van Hees 2018,Heuristic Rule,HeuristicRule,Sleep,external_test,aggregate_cm,2,NA,30,Laboratory,Structured,External,Adults,ActivInsights,Specificity,0.2,0.18,-1.386294361,NA,NA,1.265625,0.148242524,constant,Threshold,0,1,2,22.65217391,-0.628078818,0,Laboratory,Structured,Sleep,0.385022758,0.2,0.105180983,0.347136555,Row 188,Heuristic Rule,Plekhanova 2023 – Heuristic Rule – 150
151,188,Plekhanova 2023,Yes - van Hees 2018,Heuristic Rule,HeuristicRule,Sleep,external_test,aggregate_cm,2,NA,30,Laboratory,Structured,External,Adults,ActiGraph,Specificity,0.21,0.21,-1.324925415,NA,NA,1.602307323,0.148242524,constant,Threshold,0,1,2,22.65217391,-0.628078818,0,Laboratory,Structured,Sleep,0.385022758,0.21,0.111098422,0.361172032,Row 188,Heuristic Rule,Plekhanova 2023 – Heuristic Rule – 151
39,804,Chao 2021,No,Linear / GLM,LogisticRegression,Sleep,external_test,aggregate_cm,2,NA,27,Laboratory,Structured,External,Adults,Apple; ActivInsights,Specificity,0.219,0.18,-1.27150342,NA,NA,1.107527995,0.148242524,constant,Threshold,0,1,2,22.65217391,-0.628078818,0,Laboratory,Structured,Sleep,0.385022758,0.219,0.116484767,0.373587041,Row 804,Linear / GLM,Chao 2021 – Linear / GLM – 39
43,804,Chao 2021,No,Classical ML,RandomForest,Sleep,external_test,aggregate_cm,2,NA,31,Laboratory,Structured,External,Adults,Apple; ActivInsights,Specificity,0.24,0.2,-1.15267951,NA,NA,1.202293013,0.148242524,constant,Other,0,1,2,22.65217391,-0.628078818,0,Laboratory,Structured,Sleep,0.385022758,0.24,0.129281772,0.401784567,Row 804,Classical ML,Chao 2021 – Classical ML – 43
72,7483,Felton 2023,Yes - Oakley 1997 algorithm,Threshold / Cutpoint,Threshold,Sleep,NA,aggregate_cm,2,NA,31,Laboratory,Structured,External,Adults,Apple; Custom,Specificity,0.328,NA,-0.717244732,NA,NA,NA,0.148242524,constant,Threshold,0,1,2,22.65217391,-0.628078818,0,Laboratory,Structured,Sleep,0.385022758,0.328,0.186655614,0.509348879,Row 7483,Threshold / Cutpoint,Felton 2023 – Threshold / Cutpoint – 72
71,7483,Felton 2023,Yes - Webster 1982 algorthm,Threshold / Cutpoint,Threshold,Sleep,NA,aggregate_cm,2,NA,31,Laboratory,Structured,External,Adults,Apple; Custom,Specificity,0.335,NA,-0.685656509,NA,NA,NA,0.148242524,constant,Threshold,0,1,2,22.65217391,-0.628078818,0,Laboratory,Structured,Sleep,0.385022758,0.335,0.191498724,0.517240187,Row 7483,Threshold / Cutpoint,Felton 2023 – Threshold / Cutpoint – 71
73,7483,Felton 2023,Yes - Kripke 2010 algorithm,Threshold / Cutpoint,Threshold,Sleep,NA,aggregate_cm,2,NA,31,Laboratory,Structured,External,Adults,Apple; Custom,Specificity,0.348,NA,-0.627842082,NA,NA,NA,0.148242524,constant,Threshold,0,1,2,22.65217391,-0.628078818,0,Laboratory,Structured,Sleep,0.385022758,0.348,0.200609924,0.531658223,Row 7483,Threshold / Cutpoint,Felton 2023 – Threshold / Cutpoint – 73
70,7483,Felton 2023,Yes - Cole-Kripke 1992 algorithm,Threshold / Cutpoint,Threshold,Sleep,NA,aggregate_cm,2,NA,31,Laboratory,Structured,External,Adults,Apple; Custom,Specificity,0.384,NA,-0.472604411,NA,NA,NA,0.148242524,constant,Threshold,0,1,2,22.65217391,-0.628078818,0,Laboratory,Structured,Sleep,0.385022758,0.384,0.226663275,0.570046334,Row 7483,Threshold / Cutpoint,Felton 2023 – Threshold / Cutpoint – 70
301,36434,Logacjov 2025,No,Heuristic Rule,HeuristicRule,Sleep,cv_folds,per_class,2,5,100,Laboratory,Structured,Cross-validation,Older adults,Empatica,Specificity,0.388,0.219,-0.455726943,0.170118651,NA,NA,0.170118651,cv_folds,Threshold,0,0,2,5,-0.628078818,-17.65217391,Laboratory,Structured,Sleep,0.412454423,0.388,0.220262448,0.587268224,Row 36434,Heuristic Rule,Logacjov 2025 – Heuristic Rule – 301
307,37664,Chen 2026,Yes - Sadeh 1994 algorithm (GGIR),Threshold / Cutpoint,Threshold,Sleep,participants,per_class,2,NA,30,Laboratory,Structured,External,Children and Youth,ActivInsights,Specificity,0.39,0.2,-0.447312218,NA,NA,NA,0.148242524,constant,Threshold,0,1,2,22.65217391,-0.628078818,0,Laboratory,Structured,Sleep,0.385022758,0.39,0.231127291,0.576233994,Row 37664,Threshold / Cutpoint,Chen 2026 – Threshold / Cutpoint – 307
297,36434,Logacjov 2025,No,Deep Learning,ANN,Sleep,cv_folds,per_class,2,31,31,Laboratory,Structured,Cross-validation,Adults,Apple,Specificity,0.407,0.198,-0.376381214,0.021710533,NA,NA,0.021710533,cv_folds,Other,0,0,2,31,-0.628078818,8.347826087,Laboratory,Structured,Sleep,0.147344945,0.407,0.339577562,0.478117706,Row 36434,Deep Learning,Logacjov 2025 – Deep Learning – 297
197,984,Walch 2019,No,Classical ML,ANN,Sleep,NA,aggregate_cm,2,50,31,Laboratory,Structured,Cross-validation,Adults,Apple,Specificity,0.408,NA,-0.37223946,NA,NA,NA,0.148242524,constant,Other,0,0,2,50,-0.628078818,27.34782609,Laboratory,Structured,Sleep,0.385022758,0.408,0.244736594,0.594453064,Row 984,Classical ML,Walch 2019 – Classical ML – 197
198,984,Walch 2019,No,Linear / GLM,LogisticRegression,Sleep,NA,aggregate_cm,2,50,31,Laboratory,Structured,Cross-validation,Adults,Apple,Specificity,0.415,NA,-0.343333327,NA,NA,NA,0.148242524,constant,Threshold,0,0,2,50,-0.628078818,27.34782609,Laboratory,Structured,Sleep,0.385022758,0.415,0.250118961,0.601402257,Row 984,Linear / GLM,Walch 2019 – Linear / GLM – 198
299,36434,Logacjov 2025,Yes - Yuan 2024,Deep Learning,CNN_LSTM,Sleep,cv_folds,per_class,2,31,31,Laboratory,Structured,External,Adults,Apple,Specificity,0.425,0.215,-0.302280872,0.02496903,NA,NA,0.02496903,cv_folds,Other,0,0,2,31,-0.628078818,8.347826087,Laboratory,Structured,Sleep,0.158015918,0.425,0.351604914,0.501857573,Row 36434,Deep Learning,Logacjov 2025 – Deep Learning – 299
40,804,Chao 2021,No,Linear / GLM,LogisticRegression,Sleep,external_test,aggregate_cm,2,NA,31,Laboratory,Structured,External,Adults,Apple; ActivInsights,Specificity,0.429,0.19,-0.285932291,NA,NA,0.601617417,0.148242524,constant,Threshold,0,1,2,22.65217391,-0.628078818,0,Laboratory,Structured,Sleep,0.385022758,0.429,0.261038697,0.615078933,Row 804,Linear / GLM,Chao 2021 – Linear / GLM – 40
109,5753,Mahadevan 2021,Yes - implements published Cole-Kripke-Webster heuristically with open-source activity index proxy,Heuristic Rule,HeuristicRule,Sleep,cv_folds,aggregate_cm,2,32,32,Laboratory,Structured,Cross-validation,Children and Youth; Adults,ActivInsights,Specificity,0.44,0.24,-0.241162057,0.029647706,NA,NA,0.029647706,cv_folds,Threshold,0,0,2,32,-0.628078818,9.347826087,Laboratory,Structured,Sleep,0.172185093,0.44,0.359244476,0.524061581,Row 5753,Heuristic Rule,Mahadevan 2021 – Heuristic Rule – 109
194,417,vanHees 2015,No,Heuristic Rule,HeuristicRule,Sleep,external_test,aggregate_cm,2,NA,28,Laboratory,Structured,External,Adults; Older adults,ActivInsights,Specificity,0.45,0.23,-0.200670695,NA,NA,0.863585348,0.148242524,constant,Threshold,0,1,2,22.65217391,-0.628078818,0,Laboratory,Structured,Sleep,0.385022758,0.45,0.277817129,0.635057076,Row 417,Heuristic Rule,vanHees 2015 – Heuristic Rule – 194
298,36434,Logacjov 2025,No,Heuristic Rule,HeuristicRule,Sleep,cv_folds,per_class,2,31,31,Laboratory,Structured,Cross-validation,Adults,Apple,Specificity,0.453,0.226,-0.188556677,0.02683392,NA,NA,0.02683392,cv_folds,Threshold,0,0,2,31,-0.628078818,8.347826087,Laboratory,Structured,Sleep,0.163810624,0.453,0.375281321,0.533079645,Row 36434,Heuristic Rule,Logacjov 2025 – Heuristic Rule – 298
146,5408,Patterson 2023,Yes - van Hees 2015,Heuristic Rule,HeuristicRule,Sleep,external_test,aggregate_cm,2,NA,28,Laboratory,Structured,External,Adults; Older adults,ActivInsights,Specificity,0.475,0.002,-0.100083459,NA,NA,6.43E-05,0.148242524,constant,Threshold,0,1,2,22.65217391,-0.628078818,0,Laboratory,Structured,Sleep,0.385022758,0.475,0.29844198,0.658037569,Row 5408,Heuristic Rule,Patterson 2023 – Heuristic Rule – 146
42,804,Chao 2021,No,Classical ML,RandomForest,Sleep,external_test,aggregate_cm,2,NA,27,Laboratory,Structured,External,Adults,Apple; ActivInsights,Specificity,0.476,0.21,-0.09607383,NA,NA,0.708862676,0.148242524,constant,Other,0,1,2,22.65217391,-0.628078818,0,Laboratory,Structured,Sleep,0.385022758,0.476,0.299282171,0.65893926,Row 804,Classical ML,Chao 2021 – Classical ML – 42
176,687,TeLindert 2020,Yes -  Oakley 1997 Sleep algorithm + Immobile-mobile algorithm Meltzer 2015,Threshold / Cutpoint,Threshold,Sleep,external_test,aggregate_cm,2,NA,11,Laboratory,Structured,Hold-out,Adults; Older adults,ActivInsights,Specificity,0.483,0.195,-0.068026221,NA,NA,0.609809064,0.148242524,constant,Threshold,0,1,2,22.65217391,-0.628078818,0,Laboratory,Structured,Sleep,0.385022758,0.483,0.305197012,0.665214248,Row 687,Threshold / Cutpoint,TeLindert 2020 – Threshold / Cutpoint – 176
105,18650,Peraza 2020,No,Deep Learning,CNN_Fusion,Sleep,NA,aggregate_cm,2,NA,53,Laboratory,Structured,External,NA,Axivity; Custom; ActivInsights,Specificity,0.5,NA,0,NA,NA,NA,0.148242524,constant,Other,0,1,2,22.65217391,-0.628078818,0,Laboratory,Structured,Sleep,0.385022758,0.5,0.319810108,0.680189892,Row 18650,Deep Learning,Peraza 2020 – Deep Learning – 105
152,1183,Roscoe 2017,No,Threshold / Cutpoint,Threshold,Activity intensity,classes,macro,3,NA,21,Laboratory,Structured,Apparent,Children and Youth,ActivInsights,Specificity,0.5,0.361,0,NA,0.695045333,NA,0.695045333,classes,Threshold,0,1,3,22.65217391,0.371921182,0,Laboratory,Structured,Activity intensity,0.833693789,0.5,0.163277697,0.836722303,Row 1183,Threshold / Cutpoint,Roscoe 2017 – Threshold / Cutpoint – 152
177,687,TeLindert 2020,Yes -  Oakley 1997 Sleep algorithm + Immobile-mobile algorithm Meltzer 2015,Threshold / Cutpoint,Threshold,Sleep,external_test,aggregate_cm,2,NA,12,Laboratory,Structured,Hold-out,Adults; Older adults,ActivInsights,Specificity,0.508,0.196,0.032002731,NA,NA,0.614970825,0.148242524,constant,Threshold,0,1,2,22.65217391,-0.628078818,0,Laboratory,Structured,Sleep,0.385022758,0.508,0.32681149,0.687110996,Row 687,Threshold / Cutpoint,TeLindert 2020 – Threshold / Cutpoint – 177
205,5985,Yuan 2024,No,Deep Learning,CNN_LSTM,Sleep,external_test,aggregate_cm,2,NA,52,Laboratory,Structured,External,Adults,ActiGraph; Axivity; ActivInsights,Specificity,0.5425,NA,0.170411201,NA,NA,NA,0.148242524,constant,Other,0,1,2,22.65217391,-0.628078818,0,Laboratory,Structured,Sleep,0.385022758,0.5425,0.35795907,0.71607114,Row 5985,Deep Learning,Yuan 2024 – Deep Learning – 205
80,10688,Fujimoto 2018,No,Threshold / Cutpoint,Threshold,Sleep,NA,aggregate_cm,2,NA,100,Laboratory,Structured,Apparent,Adults,Custom,Specificity,0.543,NA,0.172425929,NA,NA,NA,0.148242524,constant,Threshold,0,1,2,22.65217391,-0.628078818,0,Laboratory,Structured,Sleep,0.385022758,0.543,0.358422236,0.716480583,Row 10688,Threshold / Cutpoint,Fujimoto 2018 – Threshold / Cutpoint – 80
302,36434,Logacjov 2025,Yes - Yuan 2024,Deep Learning,CNN_LSTM,Sleep,cv_folds,per_class,2,5,100,Laboratory,Structured,External,Older adults,Empatica,Specificity,0.547,0.195,0.188556677,0.123859169,NA,NA,0.123859169,cv_folds,Other,0,0,2,5,-0.628078818,-17.65217391,Laboratory,Structured,Sleep,0.351936314,0.547,0.377249661,0.706480568,Row 36434,Deep Learning,Logacjov 2025 – Deep Learning – 302
300,36434,Logacjov 2025,No,Deep Learning,ANN,Sleep,cv_folds,per_class,2,5,100,Laboratory,Structured,Cross-validation,Older adults,Empatica,Specificity,0.567,0.225,0.269621576,0.167978277,NA,NA,0.167978277,cv_folds,Other,0,0,2,5,-0.628078818,-17.65217391,Laboratory,Structured,Sleep,0.40985153,0.567,0.369657267,0.74515383,Row 36434,Deep Learning,Logacjov 2025 – Deep Learning – 300
293,35999,Cepni 2025,Yes - Sadeh 1994 algorithm (GGIR),Threshold / Cutpoint,Threshold,Sleep,participants,per_class,2,NA,110,Laboratory,Structured,External,Children and Youth,ActiGraph,Specificity,0.571,0.34,0.285932291,NA,NA,NA,0.148242524,constant,Threshold,0,1,2,22.65217391,-0.628078818,0,Laboratory,Structured,Sleep,0.385022758,0.571,0.384921067,0.738961303,Row 35999,Threshold / Cutpoint,Cepni 2025 – Threshold / Cutpoint – 293
118,54,Marcotte 2020,Yes - Hildebrand 2017,Threshold / Cutpoint,Threshold,Activity type,NA,per_class,2,NA,48,Free-living,Unstructured,External,Children and Youth,ActiGraph,Specificity,0.574,NA,0.29819005,NA,NA,NA,0.148242524,constant,Threshold,0,1,2,22.65217391,-0.628078818,0,Free-living,Unstructured,Activity type,0.385022758,0.574,0.387827238,0.741318859,Row 54,Threshold / Cutpoint,Marcotte 2020 – Threshold / Cutpoint – 118
95,8106,Huang 2022,No,Deep Learning,CNN_Attention,Sleep,cv_folds,aggregate_cm,2,5,31,Laboratory,Structured,Cross-validation,Adults,Apple,Specificity,0.576,NA,0.306374205,NA,NA,NA,0.148242524,constant,Other,0,0,2,5,-0.628078818,-17.65217391,Laboratory,Structured,Sleep,0.385022758,0.576,0.389772072,0.742885193,Row 8106,Deep Learning,Huang 2022 – Deep Learning – 95
204,11204,Yoshida 2017,No,Threshold / Cutpoint,Threshold,Sleep,NA,aggregate_cm,2,NA,261,Laboratory,Structured,Apparent,Adults; Older adults,Suzuken Co.,Specificity,0.579,NA,0.318669644,NA,NA,NA,0.148242524,constant,Threshold,0,1,2,22.65217391,-0.628078818,0,Laboratory,Structured,Sleep,0.385022758,0.579,0.392700472,0.745226683,Row 11204,Threshold / Cutpoint,Yoshida 2017 – Threshold / Cutpoint – 204
114,54,Marcotte 2020,Yes - Rowlands 2014,Classical ML,DecisionTree,Activity type,NA,per_class,2,NA,48,Free-living,Unstructured,External,Children and Youth,ActiGraph,Specificity,0.588,NA,0.355703599,NA,NA,NA,0.148242524,constant,Other,0,1,2,22.65217391,-0.628078818,0,Free-living,Unstructured,Activity type,0.385022758,0.588,0.401566801,0.752194022,Row 54,Classical ML,Marcotte 2020 – Classical ML – 114
184,10036,Trevenen 2019,No,Probabilistic Temporal,HMM,Sleep,cv_folds,aggregate_cm,2,10,242,Laboratory,Structured,Cross-validation,Adults,ActiGraph,Specificity,0.628,0.287,0.523646312,0.150924111,NA,NA,0.150924111,cv_folds,Other,0,0,2,10,-0.628078818,-12.65217391,Laboratory,Structured,Sleep,0.388489525,0.628,0.440830264,0.783314245,Row 10036,Probabilistic Temporal,Trevenen 2019 – Probabilistic Temporal – 184
156,124,Ryser 2023,No,Heuristic Rule,HeuristicRule,Sleep,NA,aggregate_cm,2,NA,19,Laboratory,Structured,Hold-out,Adults,ZurichMOVE,Specificity,0.6462,NA,0.602377272,NA,NA,NA,0.148242524,constant,Threshold,0,1,2,22.65217391,-0.628078818,0,Laboratory,Structured,Sleep,0.385022758,0.6462,0.462006546,0.795275248,Row 124,Heuristic Rule,Ryser 2023 – Heuristic Rule – 156
306,37664,Chen 2026,Yes - vanHees 2015,Heuristic Rule,HeuristicRule,Sleep,participants,per_class,2,NA,30,Laboratory,Structured,External,Children and Youth,ActivInsights,Specificity,0.65,0.18,0.619039208,NA,NA,NA,0.148242524,constant,Threshold,0,1,2,22.65217391,-0.628078818,0,Laboratory,Structured,Sleep,0.385022758,0.65,0.466150506,0.797974677,Row 37664,Heuristic Rule,Chen 2026 – Heuristic Rule – 306
101,7472,Kim 2023,No,Classical ML,RandomForest,Sleep,NA,macro,2,NA,30,Laboratory,Structured,Apparent,Adults,Maxim Integrated,Specificity,0.6538,NA,0.635784852,NA,NA,NA,0.148242524,constant,Other,0,1,2,22.65217391,-0.628078818,0,Laboratory,Structured,Sleep,0.385022758,0.6538,0.470319996,0.800660795,Row 7472,Classical ML,Kim 2023 – Classical ML – 101
292,35999,Cepni 2025,Yes - vanHees 2015,Heuristic Rule,HeuristicRule,Sleep,participants,per_class,2,NA,110,Laboratory,Structured,External,Children and Youth,ActiGraph,Specificity,0.66,0.238,0.663294217,NA,NA,NA,0.148242524,constant,Threshold,0,1,2,22.65217391,-0.628078818,0,Laboratory,Structured,Sleep,0.385022758,0.66,0.477178271,0.805015086,Row 35999,Heuristic Rule,Cepni 2025 – Heuristic Rule – 292
206,5985,Yuan 2024,No,Deep Learning,CNN_LSTM,Sleep,cv_folds,aggregate_cm,2,5,1688,Laboratory,Structured,Apparent,Adults,ActiGraph; Axivity; ActivInsights,Specificity,0.6658,NA,0.689249709,NA,NA,NA,0.148242524,constant,Other,0,0,2,5,-0.628078818,-17.65217391,Laboratory,Structured,Sleep,0.385022758,0.6658,0.4836571,0.809056984,Row 5985,Deep Learning,Yuan 2024 – Deep Learning – 206
27,7678,Bianchim 2023,No,Threshold / Cutpoint,Threshold,Activity intensity,classes,macro,3,28,28,Laboratory,Structured,Cross-validation,Children and Youth,ActiGraph,Specificity,0.684,0.094,0.772215704,NA,0.063044628,NA,0.063044628,classes,Threshold,0,0,3,28,0.371921182,5.347826087,Laboratory,Structured,Activity intensity,0.251086893,0.684,0.569567159,0.779773342,Row 7678,Threshold / Cutpoint,Bianchim 2023 – Threshold / Cutpoint – 27
54,577,Duncan 2020,No,Threshold / Cutpoint,Threshold,Activity intensity,classes,macro,2,NA,20,Laboratory,Structured,Apparent,Children and Youth,ActivInsights,Specificity,0.6895,0.2213,0.797782796,NA,0.534245758,NA,0.534245758,classes,Threshold,0,1,2,22.65217391,-0.628078818,0,Laboratory,Structured,Activity intensity,0.730921171,0.6895,0.346417811,0.902945392,Row 577,Threshold / Cutpoint,Duncan 2020 – Threshold / Cutpoint – 54
128,8620,Mikulec 2021,Yes - van Hees 2015,Heuristic Rule,HeuristicRule,Sleep,NA,aggregate_cm,2,NA,11,Laboratory,Structured,External,Adults; Older adults,ActivInsights,Specificity,0.7,NA,0.84729786,NA,NA,NA,0.148242524,constant,Threshold,0,1,2,22.65217391,-0.628078818,0,Laboratory,Structured,Sleep,0.385022758,0.7,0.523146757,0.832289697,Row 8620,Heuristic Rule,Mikulec 2021 – Heuristic Rule – 128
291,35984,Skjødt 2025,No,Classical ML,RandomForest,Activity intensity,classes,macro,2,NA,26,Laboratory,Hybrid,Hold-out,Older adults,ActivInsights,Specificity,0.71,NA,0.895384047,NA,NA,NA,0.148242524,constant,Other,0,1,2,22.65217391,-0.628078818,0,Laboratory,Hybrid,Activity intensity,0.385022758,0.71,0.535126898,0.838894923,Row 35984,Classical ML,Skjødt 2025 – Classical ML – 291
102,513,Kuo 2017,No,Heuristic Rule,HeuristicRule,Sleep,NA,aggregate_cm,2,NA,59,Laboratory,Structured,Hold-out,Adults,Custom,Specificity,0.713,NA,0.909999205,NA,NA,NA,0.148242524,constant,Threshold,0,1,2,22.65217391,-0.628078818,0,Laboratory,Structured,Sleep,0.385022758,0.713,0.538760723,0.840860395,Row 513,Heuristic Rule,Kuo 2017 – Heuristic Rule – 102
175,884,Tabar 2021,No,Classical ML,RandomForest,Sleep,cv_folds,aggregate_cm,2,20,20,Free-living,Structured,Cross-validation,Adults,ActivInsights,Specificity,0.7146,NA,0.917831241,NA,NA,NA,0.148242524,constant,Other,0,0,2,20,-0.628078818,-2.652173913,Free-living,Structured,Sleep,0.385022758,0.7146,0.540706365,0.841905637,Row 884,Classical ML,Tabar 2021 – Classical ML – 175
52,105,Duncan 2020,No,Threshold / Cutpoint,Threshold,Activity intensity,classes,macro,2,NA,20,Laboratory,Structured,Apparent,Older adults,ActivInsights,Specificity,0.7175,0.1011,0.932094397,NA,0.124391756,NA,0.124391756,classes,Threshold,0,1,2,22.65217391,-0.628078818,0,Laboratory,Structured,Activity intensity,0.352692155,0.7175,0.559915167,0.83525951,Row 105,Threshold / Cutpoint,Duncan 2020 – Threshold / Cutpoint – 52
51,4137,Duncan 2019,No,Threshold / Cutpoint,Threshold,Activity intensity,classes,macro,2,NA,30,Laboratory,Structured,Apparent,Children and Youth,ActivInsights,Specificity,0.72,0.1612,0.944461609,NA,0.319682618,NA,0.319682618,classes,Threshold,0,1,2,22.65217391,-0.628078818,0,Laboratory,Structured,Activity intensity,0.565404827,0.72,0.459158237,0.886215624,Row 4137,Threshold / Cutpoint,Duncan 2019 – Threshold / Cutpoint – 51
53,105,Duncan 2020,Yes - Sanders 2019,Threshold / Cutpoint,Threshold,Activity intensity,classes,macro,2,NA,23,Laboratory,Structured,External,Older adults,ActivInsights,Specificity,0.72,0.1131,0.944461609,NA,0.157367179,NA,0.157367179,classes,Threshold,0,1,2,22.65217391,-0.628078818,0,Laboratory,Structured,Activity intensity,0.396695322,0.72,0.54163804,0.848384268,Row 105,Threshold / Cutpoint,Duncan 2020 – Threshold / Cutpoint – 53
47,377,Crotti 2020,No,Threshold / Cutpoint,Threshold,Activity type,classes,macro,3,NA,10,Hybrid,Hybrid,Hold-out,Children and Youth,ActiGraph,Specificity,0.7223,0.1351,0.955899171,NA,0.151217639,NA,0.151217639,classes,Threshold,0,1,3,22.65217391,0.371921182,0,Hybrid,Hybrid,Activity type,0.388867123,0.7223,0.548279015,0.847881199,Row 377,Threshold / Cutpoint,Crotti 2020 – Threshold / Cutpoint – 47
26,7678,Bianchim 2023,No,Threshold / Cutpoint,Threshold,Activity intensity,classes,macro,3,35,35,Laboratory,Structured,Cross-validation,Children and Youth,ActiGraph,Specificity,0.723,0.051,0.959391716,NA,0.02161638,NA,0.02161638,classes,Threshold,0,0,3,35,0.371921182,12.34782609,Laboratory,Structured,Activity intensity,0.1470251,0.723,0.661776848,0.776877358,Row 7678,Threshold / Cutpoint,Bianchim 2023 – Threshold / Cutpoint – 26
191,34730,van Loo 2017,Yes - Phillips 2013,Threshold / Cutpoint,Threshold,Activity type,NA,per_class,2,NA,25,Laboratory,Structured,External,Children and Youth,ActivInsights,Specificity,0.729,NA,0.989554911,NA,NA,NA,0.148242524,constant,Threshold,0,1,2,22.65217391,-0.628078818,0,Laboratory,Structured,Activity type,0.385022758,0.729,0.558458995,0.851219697,Row 34730,Threshold / Cutpoint,van Loo 2017 – Threshold / Cutpoint – 191
85,2608,Hibbing 2018,Yes - Hildebrand 2014,Threshold / Cutpoint,Threshold,Activity type,classes,macro,3,NA,27,Free-living,Unstructured,External,Children and Youth,ActiGraph,Specificity,0.7328,0.312,1.008875372,NA,0.846338514,NA,0.846338514,classes,Threshold,0,1,3,22.65217391,0.371921182,0,Free-living,Unstructured,Activity type,0.919966583,0.7328,0.311254884,0.943321375,Row 2608,Threshold / Cutpoint,Hibbing 2018 – Threshold / Cutpoint – 85
192,34730,van Loo 2017,Yes - Phillips 2013,Threshold / Cutpoint,Threshold,Activity type,NA,per_class,2,NA,32,Laboratory,Structured,External,Children and Youth,ActivInsights,Specificity,0.733,NA,1.009897043,NA,NA,NA,0.148242524,constant,Threshold,0,1,2,22.65217391,-0.628078818,0,Laboratory,Structured,Activity type,0.385022758,0.733,0.56346888,0.853777558,Row 34730,Threshold / Cutpoint,van Loo 2017 – Threshold / Cutpoint – 192
106,51,Lamprecht 2015,No,Classical ML,QuadraticDiscriminant,Sleep,cv_folds,aggregate_cm,2,24,24,Laboratory,Structured,Cross-validation,Children and Youth,Custom,Specificity,0.734,0.108,1.01501272,0.01274914,NA,NA,0.01274914,cv_folds,Other,0,0,2,24,-0.628078818,1.347826087,Laboratory,Structured,Sleep,0.112912088,0.734,0.688626318,0.774922879,Row 51,Classical ML,Lamprecht 2015 – Classical ML – 106
92,46,Hildebrand 2017,No,Threshold / Cutpoint,Threshold,Activity type,NA,per_class,2,10,30,Laboratory,Structured,Cross-validation,Children and Youth; Adults,ActiGraph,Specificity,0.74,NA,1.045968555,NA,NA,NA,0.148242524,constant,Threshold,0,0,2,10,-0.628078818,-12.65217391,Laboratory,Structured,Activity type,0.385022758,0.74,0.572320227,0.858223558,Row 46,Threshold / Cutpoint,Hildebrand 2017 – Threshold / Cutpoint – 92
93,46,Hildebrand 2017,No,Threshold / Cutpoint,Threshold,Activity type,NA,per_class,2,10,30,Laboratory,Structured,Cross-validation,Adults,ActiGraph,Specificity,0.74,NA,1.045968555,NA,NA,NA,0.148242524,constant,Threshold,0,0,2,10,-0.628078818,-12.65217391,Laboratory,Structured,Activity type,0.385022758,0.74,0.572320227,0.858223558,Row 46,Threshold / Cutpoint,Hildebrand 2017 – Threshold / Cutpoint – 93
117,54,Marcotte 2020,Yes - Bakrania 2016,Threshold / Cutpoint,Threshold,Activity type,NA,per_class,2,NA,48,Free-living,Unstructured,External,Children and Youth,ActiGraph,Specificity,0.741,NA,1.051172564,NA,NA,NA,0.148242524,constant,Threshold,0,1,2,22.65217391,-0.628078818,0,Free-living,Unstructured,Activity type,0.385022758,0.741,0.573593529,0.858855581,Row 54,Threshold / Cutpoint,Marcotte 2020 – Threshold / Cutpoint – 117
25,7678,Bianchim 2023,No,Threshold / Cutpoint,Threshold,Activity intensity,classes,macro,3,28,28,Laboratory,Structured,Cross-validation,Children and Youth,ActivInsights,Specificity,0.75,0.041,1.098612289,NA,0.01593837,NA,0.01593837,classes,Threshold,0,0,3,28,0.371921182,5.347826087,Laboratory,Structured,Activity intensity,0.126247259,0.75,0.700812029,0.793484235,Row 7678,Threshold / Cutpoint,Bianchim 2023 – Threshold / Cutpoint – 25
30,6979,Bianchim 2024,No,Classical ML,GradientBoosting,Activity intensity,classes,NA,4,10,28,Laboratory,Structured,Cross-validation,Children and Youth,ActiGraph,Specificity,0.75,0.5,1.098612289,NA,1.777777778,NA,1.777777778,classes,Other,0,0,4,10,1.371921182,-12.65217391,Laboratory,Structured,Activity intensity,1.333333333,0.75,0.180240188,0.976152644,Row 6979,Classical ML,Bianchim 2024 – Classical ML – 30
37,194,Cakmak 2020,No,Probabilistic Temporal,StateSpace,Sleep,external_test,aggregate_cm,2,NA,32,Laboratory,Structured,Hold-out,Older adults,Empatica,Specificity,0.75,0.2,1.098612289,NA,NA,1.137777778,0.148242524,constant,Other,0,1,2,22.65217391,-0.628078818,0,Laboratory,Structured,Sleep,0.385022758,0.75,0.585153997,0.864509046,Row 194,Probabilistic Temporal,Cakmak 2020 – Probabilistic Temporal – 37
56,105,Duncan 2020,"Yes - Hildebrand 2014, 2017",Threshold / Cutpoint,Threshold,Activity intensity,classes,macro,2,NA,23,Laboratory,Structured,External,Older adults,ActivInsights,Specificity,0.75,0.2263,1.098612289,NA,0.728344036,NA,0.728344036,classes,Threshold,0,1,2,22.65217391,-0.628078818,0,Laboratory,Structured,Activity intensity,0.853430744,0.75,0.360288552,0.941107108,Row 105,Threshold / Cutpoint,Duncan 2020 – Threshold / Cutpoint – 56
90,46,Hildebrand 2017,No,Threshold / Cutpoint,Threshold,Activity type,NA,per_class,2,10,30,Laboratory,Structured,Cross-validation,Children and Youth,ActivInsights,Specificity,0.75,NA,1.098612289,NA,NA,NA,0.148242524,constant,Threshold,0,0,2,10,-0.628078818,-12.65217391,Laboratory,Structured,Activity type,0.385022758,0.75,0.585153997,0.864509046,Row 46,Threshold / Cutpoint,Hildebrand 2017 – Threshold / Cutpoint – 90
96,8106,Huang 2022,No,Deep Learning,CNN_Attention,Sleep,cv_folds,aggregate_cm,2,5,27,Laboratory,Structured,Cross-validation,Adults,ActivInsights,Specificity,0.7509,NA,1.103418065,NA,NA,NA,0.148242524,constant,Other,0,0,2,5,-0.628078818,-17.65217391,Laboratory,Structured,Sleep,0.385022758,0.7509,0.586320114,0.865070977,Row 8106,Deep Learning,Huang 2022 – Deep Learning – 96
190,34730,van Loo 2017,Yes - Schaefer 2014,Threshold / Cutpoint,Threshold,Activity type,NA,per_class,2,NA,32,Laboratory,Structured,External,Children and Youth,ActivInsights,Specificity,0.751,NA,1.103952755,NA,NA,NA,0.148242524,constant,Threshold,0,1,2,22.65217391,-0.628078818,0,Laboratory,Structured,Activity type,0.385022758,0.751,0.586449797,0.865133375,Row 34730,Threshold / Cutpoint,van Loo 2017 – Threshold / Cutpoint – 190
29,7678,Bianchim 2023,No,Threshold / Cutpoint,Threshold,Activity intensity,classes,macro,3,35,35,Laboratory,Structured,Cross-validation,Children and Youth,ActiGraph,Specificity,0.752,0.112,1.109307578,NA,0.12021973,NA,0.12021973,classes,Threshold,0,0,3,35,0.371921182,12.34782609,Laboratory,Structured,Activity intensity,0.346727169,0.752,0.605807361,0.856791481,Row 7678,Threshold / Cutpoint,Bianchim 2023 – Threshold / Cutpoint – 29
46,377,Crotti 2020,No,Threshold / Cutpoint,Threshold,Activity type,classes,macro,4,NA,10,Hybrid,Hybrid,Hold-out,Children and Youth,ActiGraph,Specificity,0.7528,0.16,1.113601863,NA,0.184809299,NA,0.184809299,classes,Threshold,0,1,4,22.65217391,1.371921182,0,Hybrid,Hybrid,Activity type,0.429894521,0.7528,0.567340498,0.876120587,Row 377,Threshold / Cutpoint,Crotti 2020 – Threshold / Cutpoint – 46
201,2834,Weaver 2024,"Yes - Hildebrand 2014, 2017",Threshold / Cutpoint,Threshold,Activity intensity,NA,macro,3,NA,75,Laboratory,Structured,External,Children and Youth,Garmin,Specificity,0.753,NA,1.114676891,NA,NA,NA,0.148242524,constant,Threshold,0,1,3,22.65217391,0.371921182,0,Laboratory,Structured,Activity intensity,0.385022758,0.753,0.589048249,0.86637975,Row 2834,Threshold / Cutpoint,Weaver 2024 – Threshold / Cutpoint – 201
189,34730,van Loo 2017,Yes - Schaefer 2014,Threshold / Cutpoint,Threshold,Activity type,NA,per_class,2,NA,25,Laboratory,Structured,External,Children and Youth,ActivInsights,Specificity,0.754,NA,1.120060832,NA,NA,NA,0.148242524,constant,Threshold,0,1,2,22.65217391,-0.628078818,0,Laboratory,Structured,Activity type,0.385022758,0.754,0.590350914,0.867001798,Row 34730,Threshold / Cutpoint,van Loo 2017 – Threshold / Cutpoint – 189
22,7678,Bianchim 2023,No,Threshold / Cutpoint,Threshold,Activity intensity,classes,macro,3,35,35,Laboratory,Structured,Cross-validation,Children and Youth,ActivInsights,Specificity,0.755,0.077,1.125459539,NA,0.057760923,NA,0.057760923,classes,Threshold,0,0,3,35,0.371921182,12.34782609,Laboratory,Structured,Activity intensity,0.240335022,0.755,0.658001958,0.83153091,Row 7678,Threshold / Cutpoint,Bianchim 2023 – Threshold / Cutpoint – 22
127,1051,Migueles 2021,No,Threshold / Cutpoint,Threshold,Activity intensity,classes,macro,2,NA,59,Laboratory,Structured,Apparent,Older adults,ActiGraph,Specificity,0.755,0.1061,1.125459539,NA,0.164503332,NA,0.164503332,classes,Threshold,0,1,2,22.65217391,-0.628078818,0,Laboratory,Structured,Activity intensity,0.405590104,0.755,0.581881744,0.872184832,Row 1051,Threshold / Cutpoint,Migueles 2021 – Threshold / Cutpoint – 127
83,2608,Hibbing 2018,No,Hybrid / Ensemble,ANN + DT,Activity type,classes,macro,3,NA,27,Free-living,Unstructured,External,Children and Youth,ActiGraph,Specificity,0.7558,0.0577,1.129789229,NA,0.032578064,NA,0.032578064,classes,Other,0,1,3,22.65217391,0.371921182,0,Free-living,Unstructured,Activity type,0.180493946,0.7558,0.684821936,0.815109298,Row 2608,Hybrid / Ensemble,Hibbing 2018 – Hybrid / Ensemble – 83
23,7678,Bianchim 2023,No,Threshold / Cutpoint,Threshold,Activity intensity,classes,macro,3,28,28,Laboratory,Structured,Cross-validation,Children and Youth,ActivInsights,Specificity,0.761,0.018,1.158169806,NA,0.003264815,NA,0.003264815,classes,Threshold,0,0,3,28,0.371921182,5.347826087,Laboratory,Structured,Activity intensity,0.057138564,0.761,0.740040338,0.780770374,Row 7678,Threshold / Cutpoint,Bianchim 2023 – Threshold / Cutpoint – 23
108,14825,Liang 2011,No,Heuristic Rule,HeuristicRule,Sleep,NA,aggregate_cm,2,NA,24,Laboratory,Structured,Hold-out,NA,Custom,Specificity,0.7621,NA,1.164227363,NA,NA,NA,0.148242524,constant,Threshold,0,1,2,22.65217391,-0.628078818,0,Laboratory,Structured,Sleep,0.385022758,0.7621,0.600987828,0.872012591,Row 14825,Heuristic Rule,Liang 2011 – Heuristic Rule – 108
24,7678,Bianchim 2023,No,Threshold / Cutpoint,Threshold,Activity intensity,classes,macro,3,35,35,Laboratory,Structured,Cross-validation,Children and Youth,ActivInsights,Specificity,0.768,0.082,1.197052361,NA,0.070600543,NA,0.070600543,classes,Threshold,0,0,3,35,0.371921182,12.34782609,Laboratory,Structured,Activity intensity,0.265707627,0.768,0.662904667,0.847850316,Row 7678,Threshold / Cutpoint,Bianchim 2023 – Threshold / Cutpoint – 24
28,7678,Bianchim 2023,No,Threshold / Cutpoint,Threshold,Activity intensity,classes,macro,3,28,28,Laboratory,Structured,Cross-validation,Children and Youth,ActiGraph,Specificity,0.772,0.046,1.219638921,NA,0.022766177,NA,0.022766177,classes,Threshold,0,0,3,28,0.371921182,5.347826087,Laboratory,Structured,Activity intensity,0.150884649,0.772,0.71583711,0.819856096,Row 7678,Threshold / Cutpoint,Bianchim 2023 – Threshold / Cutpoint – 28
288,35984,Skjødt 2025,No,Threshold / Cutpoint,Threshold,Activity intensity,classes,macro,3,NA,26,Laboratory,Hybrid,Hold-out,Older adults,ActivInsights,Specificity,0.777,0.179,1.248268579,NA,0.355740281,NA,0.355740281,classes,Threshold,0,1,3,22.65217391,0.371921182,0,Laboratory,Hybrid,Activity intensity,0.596439671,0.777,0.519801344,0.918136311,Row 35984,Threshold / Cutpoint,Skjødt 2025 – Threshold / Cutpoint – 288
91,46,Hildebrand 2017,No,Threshold / Cutpoint,Threshold,Activity type,NA,per_class,2,10,30,Laboratory,Structured,Cross-validation,Adults,ActivInsights,Specificity,0.78,NA,1.265666373,NA,NA,NA,0.148242524,constant,Threshold,0,0,2,10,-0.628078818,-12.65217391,Laboratory,Structured,Activity type,0.385022758,0.78,0.62504597,0.882913161,Row 46,Threshold / Cutpoint,Hildebrand 2017 – Threshold / Cutpoint – 91
50,2188,Duncan 2016,Yes - Phillips 2014,Threshold / Cutpoint,Threshold,Activity intensity,classes,macro,4,NA,15,Laboratory,Structured,External,Children and Youth,ActivInsights,Specificity,0.7825,0.1515,1.280295072,NA,0.198097073,NA,0.198097073,classes,Threshold,0,1,4,22.65217391,1.371921182,0,Laboratory,Structured,Activity intensity,0.445080974,0.7825,0.600592954,0.895916502,Row 2188,Threshold / Cutpoint,Duncan 2016 – Threshold / Cutpoint – 50
286,35965,Weaver 2025,No,Linear / GLM,LogisticRegression,Sleep,participants,per_class,2,10,136,Laboratory,Structured,Cross-validation,Children and Youth,Garmin,Specificity,0.789,0.18,1.318908187,NA,NA,NA,0.148242524,constant,Threshold,0,0,2,10,-0.628078818,-12.65217391,Laboratory,Structured,Sleep,0.385022758,0.789,0.637438476,0.888305951,Row 35965,Linear / GLM,Weaver 2025 – Linear / GLM – 286
308,37664,Chen 2026,Yes - Cole-Kripke 1992 algorithm (GGIR),Threshold / Cutpoint,Threshold,Sleep,participants,per_class,2,NA,30,Laboratory,Structured,External,Children and Youth,ActivInsights,Specificity,0.79,0.15,1.324925415,NA,NA,NA,0.148242524,constant,Threshold,0,1,2,22.65217391,-0.628078818,0,Laboratory,Structured,Sleep,0.385022758,0.79,0.638827968,0.888901578,Row 37664,Threshold / Cutpoint,Chen 2026 – Threshold / Cutpoint – 308
7,962,Ahmadi 2022,Yes - Roscoe 2017,Threshold / Cutpoint,Threshold,Activity type,classes,macro,3,NA,10,Free-living,Hybrid,External,Children and Youth,ActiGraph,Specificity,0.7915,0.2745,1.333990838,NA,0.922251745,NA,0.922251745,classes,Threshold,0,1,3,22.65217391,0.371921182,0,Free-living,Hybrid,Activity type,0.960339391,0.7915,0.366264861,0.961441459,Row 962,Threshold / Cutpoint,Ahmadi 2022 – Threshold / Cutpoint – 7
8,962,Ahmadi 2022,Yes - Crotti 2020,Threshold / Cutpoint,Threshold,Activity type,classes,macro,3,NA,10,Free-living,Hybrid,External,Children and Youth,ActiGraph,Specificity,0.7953,0.2028,1.357173909,NA,0.517269649,NA,0.517269649,classes,Threshold,0,1,3,22.65217391,0.371921182,0,Free-living,Hybrid,Activity type,0.719214605,0.7953,0.486881332,0.94085709,Row 962,Threshold / Cutpoint,Ahmadi 2022 – Threshold / Cutpoint – 8
294,35999,Cepni 2025,Yes - Cole-Kripke 1992 algorithm (GGIR),Threshold / Cutpoint,Threshold,Sleep,participants,per_class,2,NA,110,Laboratory,Structured,External,Children and Youth,ActiGraph,Specificity,0.799,0.195,1.380056038,NA,NA,NA,0.148242524,constant,Threshold,0,1,2,22.65217391,-0.628078818,0,Laboratory,Structured,Sleep,0.385022758,0.799,0.651448292,0.894230431,Row 35999,Threshold / Cutpoint,Cepni 2025 – Threshold / Cutpoint – 294
55,577,Duncan 2020,No,Threshold / Cutpoint,Threshold,Activity intensity,classes,macro,3,NA,20,Laboratory,Structured,External,Children and Youth,ActivInsights,Specificity,0.7997,0.1321,1.384420415,NA,0.226708754,NA,0.226708754,classes,Threshold,0,1,3,22.65217391,0.371921182,0,Laboratory,Structured,Activity intensity,0.476139427,0.7997,0.610921449,0.910328595,Row 577,Threshold / Cutpoint,Duncan 2020 – Threshold / Cutpoint – 55
285,35965,Weaver 2025,No,Linear / GLM,LogisticRegression,Sleep,participants,per_class,2,10,116,Laboratory,Structured,Cross-validation,Children and Youth,Fitbit,Specificity,0.801,0.152,1.392556122,NA,NA,NA,0.148242524,constant,Threshold,0,0,2,10,-0.628078818,-12.65217391,Laboratory,Structured,Sleep,0.385022758,0.801,0.654281204,0.895406906,Row 35965,Linear / GLM,Weaver 2025 – Linear / GLM – 285
141,25046,Ode 2022,No,Classical ML,GradientBoosting,Sleep,NA,aggregate_cm,2,25,25,Laboratory,Structured,Cross-validation,Adults,Custom,Specificity,0.8018,NA,1.397582578,NA,NA,NA,0.148242524,constant,Other,0,0,2,25,-0.628078818,2.347826087,Laboratory,Structured,Sleep,0.385022758,0.8018,0.655417291,0.895876716,Row 25046,Classical ML,Ode 2022 – Classical ML – 141
155,124,Ryser 2023,No,Heuristic Rule,HeuristicRule,Sleep,NA,aggregate_cm,2,NA,12,Laboratory,Structured,Apparent,Adults,ZurichMOVE,Specificity,0.804,NA,1.41148461,NA,NA,NA,0.148242524,constant,Threshold,0,1,2,22.65217391,-0.628078818,0,Laboratory,Structured,Sleep,0.385022758,0.804,0.658550182,0.897166401,Row 124,Heuristic Rule,Ryser 2023 – Heuristic Rule – 155
115,54,Marcotte 2020,Yes - Staudenmayer 2015,Classical ML,Decision tree,Activity type,NA,per_class,2,NA,48,Free-living,Unstructured,External,Children and Youth,ActiGraph,Specificity,0.817,NA,1.496152942,NA,NA,NA,0.148242524,constant,Other,0,1,2,22.65217391,-0.628078818,0,Free-living,Unstructured,Activity type,0.385022758,0.817,0.6773256,0.904719308,Row 54,Classical ML,Marcotte 2020 – Classical ML – 115
284,35965,Weaver 2025,No,Linear / GLM,LogisticRegression,Sleep,participants,per_class,2,10,141,Laboratory,Structured,Cross-validation,Children and Youth,ActiGraph,Specificity,0.818,0.152,1.50285565,NA,NA,NA,0.148242524,constant,Threshold,0,0,2,10,-0.628078818,-12.65217391,Laboratory,Structured,Sleep,0.385022758,0.818,0.67878877,0.905295531,Row 35965,Linear / GLM,Weaver 2025 – Linear / GLM – 284
76,4775,Fraysse 2020,Yes - Sanders 2019,Threshold / Cutpoint,Threshold,Activity intensity,classes,macro,2,NA,31,Laboratory,Structured,External,Older adults,ActivInsights,Specificity,0.82,0.2404,1.516347489,NA,1.326374659,NA,1.326374659,classes,Threshold,0,1,2,22.65217391,-0.628078818,0,Laboratory,Structured,Activity intensity,1.151683402,0.82,0.322796007,0.977547545,Row 4775,Threshold / Cutpoint,Fraysse 2020 – Threshold / Cutpoint – 76
200,2834,Weaver 2024,"Yes - Hildebrand 2014, 2017",Threshold / Cutpoint,Threshold,Activity intensity,NA,macro,3,NA,75,Laboratory,Structured,External,Children and Youth,Apple,Specificity,0.82,NA,1.516347489,NA,NA,NA,0.148242524,constant,Threshold,0,1,3,22.65217391,0.371921182,0,Laboratory,Structured,Activity intensity,0.385022758,0.82,0.681723334,0.906445953,Row 2834,Threshold / Cutpoint,Weaver 2024 – Threshold / Cutpoint – 200
188,5455,Trost 2022,"Yes - Hildebrand 2014, 2017",Threshold / Cutpoint,Threshold,Activity intensity,classes,macro,4,NA,18,Laboratory,Structured,External,Children and Youth,ActiGraph,Specificity,0.8244,0.1467,1.546447168,NA,0.256729188,NA,0.256729188,classes,Threshold,0,1,4,22.65217391,1.371921182,0,Laboratory,Structured,Activity intensity,0.506684505,0.8244,0.634911432,0.926868248,Row 5455,Threshold / Cutpoint,Trost 2022 – Threshold / Cutpoint – 188
75,4775,Fraysse 2020,No,Threshold / Cutpoint,Threshold,Activity intensity,classes,macro,2,NA,31,Laboratory,Structured,Apparent,Older adults,ActivInsights,Specificity,0.825,0.0495,1.550597412,NA,0.05877551,NA,0.05877551,classes,Threshold,0,1,2,22.65217391,-0.628078818,0,Laboratory,Structured,Activity intensity,0.242436611,0.825,0.745626597,0.883476649,Row 4775,Threshold / Cutpoint,Fraysse 2020 – Threshold / Cutpoint – 75
295,36015,Bailey 2025,No,Threshold / Cutpoint,Threshold,Activity intensity,classes,macro,2,NA,15,Laboratory,Structured,Apparent,Adults,Glenworth Associates,Specificity,0.825,0.035,1.550597412,NA,0.029384757,NA,0.029384757,classes,Threshold,0,1,2,22.65217391,-0.628078818,0,Laboratory,Structured,Activity intensity,0.171419826,0.825,0.771114423,0.868365123,Row 36015,Threshold / Cutpoint,Bailey 2025 – Threshold / Cutpoint – 295
283,35965,Weaver 2025,No,Linear / GLM,LogisticRegression,Sleep,participants,per_class,2,10,141,Laboratory,Structured,Cross-validation,Children and Youth,Apple,Specificity,0.826,0.14,1.557539474,NA,NA,NA,0.148242524,constant,Threshold,0,0,2,10,-0.628078818,-12.65217391,Laboratory,Structured,Sleep,0.385022758,0.826,0.690593381,0.909881105,Row 35965,Linear / GLM,Weaver 2025 – Linear / GLM – 283
290,35984,Skjødt 2025,No,Classical ML,RandomForest,Activity intensity,classes,macro,3,NA,26,Laboratory,Hybrid,Hold-out,Older adults,ActivInsights,Specificity,0.83,0.145,1.585627264,NA,0.352014637,NA,0.352014637,classes,Other,0,1,3,22.65217391,0.371921182,0,Laboratory,Hybrid,Activity intensity,0.593308214,0.83,0.604139478,0.939829222,Row 35984,Classical ML,Skjødt 2025 – Classical ML – 290
82,2608,Hibbing 2018,No,Hybrid / Ensemble,ANN + DT,Activity intensity,classes,macro,3,NA,54,Laboratory,Structured,Hold-out,Children and Youth,ActiGraph,Specificity,0.832,0.1141,1.599868461,NA,0.222118544,NA,0.222118544,classes,Other,0,1,3,22.65217391,0.371921182,0,Laboratory,Structured,Activity intensity,0.471294541,0.832,0.662874667,0.925780192,Row 2608,Hybrid / Ensemble,Hibbing 2018 – Hybrid / Ensemble – 82
202,35066,Welch 2013,Yes - Esliger 2011,Threshold / Cutpoint,Threshold,Activity intensity,classes,macro,4,NA,130,Laboratory,Structured,External,Adults,Unilever & ActivInsights,Specificity,0.8349,0.1313,1.620760606,NA,0.226833081,NA,0.226833081,classes,Threshold,0,1,4,22.65217391,1.371921182,0,Laboratory,Structured,Activity intensity,0.476269967,0.8349,0.665359677,0.927858498,Row 35066,Threshold / Cutpoint,Welch 2013 – Threshold / Cutpoint – 202
74,4775,Fraysse 2020,Yes - Esliger 2011,Threshold / Cutpoint,Threshold,Activity intensity,classes,macro,2,NA,31,Laboratory,Structured,External,Older adults,ActivInsights,Specificity,0.835,0.1626,1.621486251,NA,0.696418417,NA,0.696418417,classes,Threshold,0,1,2,22.65217391,-0.628078818,0,Laboratory,Structured,Activity intensity,0.834516876,0.835,0.496458353,0.962928809,Row 4775,Threshold / Cutpoint,Fraysse 2020 – Threshold / Cutpoint – 74
157,307,Sanders 2019,No,Threshold / Cutpoint,Threshold,Activity intensity,classes,macro,2,NA,34,Laboratory,Structured,Hold-out,Older adults,ActivInsights,Specificity,0.84,0.1131,1.658228077,NA,0.354076152,NA,0.354076152,classes,Threshold,0,1,2,22.65217391,-0.628078818,0,Laboratory,Structured,Activity intensity,0.595042983,0.84,0.620564242,0.94398614,Row 307,Threshold / Cutpoint,Sanders 2019 – Threshold / Cutpoint – 157
116,54,Marcotte 2020,Yes - Staudenmayer 2015,Classical ML,Random forest,Activity type,NA,per_class,2,NA,48,Free-living,Unstructured,External,Children and Youth,ActiGraph,Specificity,0.842,NA,1.673184981,NA,NA,NA,0.148242524,constant,Other,0,1,2,22.65217391,-0.628078818,0,Free-living,Unstructured,Activity type,0.385022758,0.842,0.714744604,0.91892498,Row 54,Classical ML,Marcotte 2020 – Classical ML – 116
203,25531,Wullems 2024,"Yes - Rowlands 2014, 2016 for posture and Esliger 2011 for intensity thresholds",Classical ML,Decision tree,Activity intensity,classes,macro,4,NA,20,Laboratory,Structured,External,Older adults,ActivInsights,Specificity,0.8434,0.0345,1.683746558,NA,0.017057976,NA,0.017057976,classes,Other,0,1,4,22.65217391,1.371921182,0,Laboratory,Structured,Activity intensity,0.130606185,0.8434,0.806551814,0.874322993,Row 25531,Classical ML,Wullems 2024 – Classical ML – 203
199,2834,Weaver 2024,"Yes - Hildebrand 2014, 2017",Threshold / Cutpoint,Threshold,Activity intensity,NA,macro,3,NA,75,Laboratory,Structured,External,Children and Youth,ActiGraph,Specificity,0.844,NA,1.688296487,NA,NA,NA,0.148242524,constant,Threshold,0,1,3,22.65217391,0.371921182,0,Laboratory,Structured,Activity intensity,0.385022758,0.844,0.717815585,0.920043712,Row 2834,Threshold / Cutpoint,Weaver 2024 – Threshold / Cutpoint – 199
281,35965,Weaver 2025,No,Deep Learning,LSTM,Sleep,participants,per_class,2,10,116,Laboratory,Structured,Cross-validation,Children and Youth,Fitbit,Specificity,0.845,0.159,1.69591151,NA,NA,NA,0.148242524,constant,Other,0,0,2,10,-0.628078818,-12.65217391,Laboratory,Structured,Sleep,0.385022758,0.845,0.719355495,0.920602109,Row 35965,Deep Learning,Weaver 2025 – Deep Learning – 281
142,33648,van Loo 2018,Yes - Schaefer 2014,Threshold / Cutpoint,Threshold,Activity intensity,classes,macro,3,NA,57,Laboratory,Structured,External,Children and Youth,ActivInsights,Specificity,0.8454,0.1367,1.698968752,NA,0.364646717,NA,0.364646717,classes,Threshold,0,1,3,22.65217391,0.371921182,0,Laboratory,Structured,Activity intensity,0.603859849,0.8454,0.626072312,0.946976248,Row 33648,Threshold / Cutpoint,van Loo 2018 – Threshold / Cutpoint – 142
280,35965,Weaver 2025,No,Deep Learning,LSTM,Sleep,participants,per_class,2,10,141,Laboratory,Structured,Cross-validation,Children and Youth,ActiGraph,Specificity,0.847,0.167,1.711262773,NA,NA,NA,0.148242524,constant,Other,0,0,2,10,-0.628078818,-12.65217391,Laboratory,Structured,Sleep,0.385022758,0.847,0.722444195,0.921716972,Row 35965,Deep Learning,Weaver 2025 – Deep Learning – 280
138,257,Montoye 2020,"Yes - Hildebrand 2014, 2017",Threshold / Cutpoint,Threshold,Activity type,classes,macro,3,NA,12,Free-living,Unstructured,External,Adults; Older adults,ActiGraph,Specificity,0.8554,0.0627,1.777597886,NA,0.085652245,NA,0.085652245,classes,Threshold,0,1,3,22.65217391,0.371921182,0,Free-living,Unstructured,Activity type,0.292664048,0.8554,0.769231399,0.913031105,Row 257,Threshold / Cutpoint,Montoye 2020 – Threshold / Cutpoint – 138
167,25641,Shwetar 2022,No,Threshold / Cutpoint,Threshold,Activity intensity,classes,macro,3,NA,18,Hybrid,Structured,Hold-out,Adults,ActiGraph,Specificity,0.8571,0.0939,1.791409513,NA,0.195921674,NA,0.195921674,classes,Threshold,0,1,3,22.65217391,0.371921182,0,Hybrid,Structured,Activity intensity,0.442630403,0.8571,0.715826718,0.934561404,Row 25641,Threshold / Cutpoint,Shwetar 2022 – Threshold / Cutpoint – 167
166,25641,Shwetar 2022,No,Classical ML,Random forest,Activity intensity,classes,macro,2,NA,18,Hybrid,Structured,Hold-out,Adults,ActiGraph,Specificity,0.8591,0.0542,1.807834911,NA,0.100244177,NA,0.100244177,classes,Other,0,1,2,22.65217391,-0.628078818,0,Hybrid,Structured,Activity intensity,0.316613608,0.8591,0.766252851,0.918967287,Row 25641,Classical ML,Shwetar 2022 – Classical ML – 166
18,662,Bakrania 2016,No,Threshold / Cutpoint,Threshold,Activity type,classes,macro,2,33,33,Laboratory,Structured,Cross-validation,Adults,ActiGraph; ActivInsights,Specificity,0.86,0.2309,1.815289967,NA,1.838928723,NA,1.838928723,classes,Threshold,0,0,2,33,-0.628078818,10.34782609,Laboratory,Structured,Activity type,1.356071061,0.86,0.300985517,0.988717873,Row 662,Threshold / Cutpoint,Bakrania 2016 – Threshold / Cutpoint – 18
169,198,Staudenmayer 2015,No,Classical ML,Decision tree,Activity intensity,classes,macro,3,20,20,Laboratory,Structured,Cross-validation,Adults,ActiGraph,Specificity,0.8668,0.09,1.872956512,NA,0.202543126,NA,0.202543126,classes,Other,0,0,3,20,0.371921182,-2.652173913,Laboratory,Structured,Activity intensity,0.450047916,0.8668,0.729258268,0.940197946,Row 198,Classical ML,Staudenmayer 2015 – Classical ML – 169
164,574,Schaefer 2014,No,Threshold / Cutpoint,Threshold,Activity intensity,classes,macro,3,24,24,Laboratory,Structured,Cross-validation,Children and Youth,ActivInsights,Specificity,0.8673,0.0125,1.877293996,NA,0.003932043,NA,0.003932043,classes,Threshold,0,0,3,24,0.371921182,1.347826087,Laboratory,Structured,Activity intensity,0.062706003,0.8673,0.852505683,0.88081784,Row 574,Threshold / Cutpoint,Schaefer 2014 – Threshold / Cutpoint – 164
144,33648,van Loo 2018,Yes - Phillips 2014,Threshold / Cutpoint,Threshold,Activity intensity,classes,macro,3,NA,57,Laboratory,Structured,External,Children and Youth,ActivInsights,Specificity,0.8698,0.0902,1.89919157,NA,0.211461372,NA,0.211461372,classes,Threshold,0,1,3,22.65217391,0.371921182,0,Laboratory,Structured,Activity intensity,0.459849292,0.8698,0.730642926,0.942702631,Row 33648,Threshold / Cutpoint,van Loo 2018 – Threshold / Cutpoint – 144
170,198,Staudenmayer 2015,No,Classical ML,Random forest,Activity intensity,classes,macro,3,20,20,Laboratory,Structured,Cross-validation,Adults,ActiGraph,Specificity,0.8699,0.069,1.900074877,NA,0.123903528,NA,0.123903528,classes,Other,0,0,3,20,0.371921182,-2.652173913,Laboratory,Structured,Activity intensity,0.351999329,0.8699,0.770326584,0.930214799,Row 198,Classical ML,Staudenmayer 2015 – Classical ML – 170
143,33648,van Loo 2018,Yes - Hildebrand 2014,Threshold / Cutpoint,Threshold,Activity intensity,classes,macro,3,NA,57,Laboratory,Structured,External,Children and Youth,ActivInsights,Specificity,0.87,0.0801,1.900958761,NA,0.167193184,NA,0.167193184,classes,Threshold,0,1,3,22.65217391,0.371921182,0,Laboratory,Structured,Activity intensity,0.408892631,0.87,0.750171882,0.937167426,Row 33648,Threshold / Cutpoint,van Loo 2018 – Threshold / Cutpoint – 143
168,25641,Shwetar 2022,No,Threshold / Cutpoint,Threshold,Activity intensity,classes,macro,4,NA,18,Hybrid,Structured,Hold-out,Adults,ActiGraph,Specificity,0.8721,0.0978,1.919655388,NA,0.192195872,NA,0.192195872,classes,Threshold,0,1,4,22.65217391,1.371921182,0,Hybrid,Structured,Activity intensity,0.438401497,0.8721,0.742764772,0.941526141,Row 25641,Threshold / Cutpoint,Shwetar 2022 – Threshold / Cutpoint – 168
282,35965,Weaver 2025,No,Deep Learning,LSTM,Sleep,participants,per_class,2,10,136,Laboratory,Structured,Cross-validation,Children and Youth,Garmin,Specificity,0.88,0.137,1.992430165,NA,NA,NA,0.148242524,constant,Other,0,0,2,10,-0.628078818,-12.65217391,Laboratory,Structured,Sleep,0.385022758,0.88,0.775178324,0.939747931,Row 35965,Deep Learning,Weaver 2025 – Deep Learning – 282
15,662,Bakrania 2016,No,Threshold / Cutpoint,Threshold,Activity type,classes,macro,2,33,33,Laboratory,Structured,Cross-validation,Adults,ActivInsights,Specificity,0.882,0.2527,2.011507432,NA,2.947672999,NA,2.947672999,classes,Threshold,0,0,2,33,-0.628078818,10.34782609,Laboratory,Structured,Activity type,1.716878854,0.882,0.205286498,0.995397717,Row 662,Threshold / Cutpoint,Bakrania 2016 – Threshold / Cutpoint – 15
81,2956,Hernando 2018,No,Threshold / Cutpoint,Threshold,Activity intensity,classes,macro,6,NA,98,Laboratory,Structured,Apparent,Adults,ActivInsights,Specificity,0.882,0.1105,2.011507432,NA,0.187876353,NA,0.187876353,classes,Threshold,0,1,6,22.65217391,3.371921182,0,Laboratory,Structured,Activity intensity,0.433447059,0.882,0.761687077,0.945887768,Row 2956,Threshold / Cutpoint,Hernando 2018 – Threshold / Cutpoint – 81
60,35670,Esliger 2011,No,Threshold / Cutpoint,Threshold,Activity intensity,classes,macro,3,NA,60,Hybrid,Structured,Apparent,Adults,Unilever & ActivInsights,Specificity,0.8833,0.1422,2.024058354,NA,0.634336593,NA,0.634336593,classes,Threshold,0,1,3,22.65217391,0.371921182,0,Hybrid,Structured,Activity intensity,0.796452505,0.8833,0.613728331,0.973014657,Row 35670,Threshold / Cutpoint,Esliger 2011 – Threshold / Cutpoint – 60
49,3932,Dibben 2020,No,Threshold / Cutpoint,Threshold,Activity intensity,classes,macro,2,22,22,Laboratory,Structured,Cross-validation,Adults,ActivInsights,Specificity,0.887,0.0438,2.060457164,NA,0.095480371,NA,0.095480371,classes,Threshold,0,0,2,22,-0.628078818,-0.652173913,Laboratory,Structured,Activity intensity,0.308998983,0.887,0.810738999,0.934996105,Row 3932,Threshold / Cutpoint,Dibben 2020 – Threshold / Cutpoint – 49
137,257,Montoye 2020,"Yes - Hildebrand 2014, 2017",Threshold / Cutpoint,Threshold,Activity type,classes,macro,4,NA,12,Free-living,Unstructured,External,Adults; Older adults,ActiGraph,Specificity,0.8884,0.077,2.074501042,NA,0.150791191,NA,0.150791191,classes,Threshold,0,1,4,22.65217391,1.371921182,0,Free-living,Unstructured,Activity type,0.388318414,0.8884,0.788081034,0.944569806,Row 257,Threshold / Cutpoint,Montoye 2020 – Threshold / Cutpoint – 137
20,1830,Banfi 2021,No,Deep Learning,CNN,Sleep,cv_folds,aggregate_cm,2,81,81,Free-living,Unstructured,Cross-validation,Adults,Axivity,Specificity,0.8933,0.0785,2.124901312,0.008373958,NA,NA,0.008373958,cv_folds,Other,0,0,2,81,-0.628078818,58.34782609,Free-living,Unstructured,Sleep,0.091509334,0.8933,0.87495984,0.909229204,Row 1830,Deep Learning,Banfi 2021 – Deep Learning – 20
279,35965,Weaver 2025,No,Deep Learning,LSTM,Sleep,participants,per_class,2,10,141,Laboratory,Structured,Cross-validation,Children and Youth,Apple,Specificity,0.896,0.12,2.153549514,NA,NA,NA,0.148242524,constant,Other,0,0,2,10,-0.628078818,-12.65217391,Laboratory,Structured,Sleep,0.385022758,0.896,0.802010056,0.948250018,Row 35965,Deep Learning,Weaver 2025 – Deep Learning – 279
6,962,Ahmadi 2022,No,Classical ML,RandomForest,Activity type,classes,macro,3,NA,10,Free-living,Hybrid,Hold-out,Children and Youth,ActiGraph,Specificity,0.8997,0.061,2.193895679,NA,0.152314451,NA,0.152314451,classes,Other,0,1,3,22.65217391,0.371921182,0,Free-living,Hybrid,Activity type,0.39027484,0.8997,0.806738751,0.950679368,Row 962,Classical ML,Ahmadi 2022 – Classical ML – 6
148,362,Phillips 2013,No,Threshold / Cutpoint,Threshold,Activity intensity,classes,macro,3,NA,44,Laboratory,Structured,Apparent,Children and Youth,Unilever & ActivInsights,Specificity,0.8997,0.0637,2.193895679,NA,0.166096432,NA,0.166096432,classes,Threshold,0,1,3,22.65217391,0.371921182,0,Laboratory,Structured,Activity intensity,0.4075493,0.8997,0.80140503,0.952242896,Row 362,Threshold / Cutpoint,Phillips 2013 – Threshold / Cutpoint – 148
289,35984,Skjødt 2025,No,Classical ML,RandomForest,Activity intensity,NA,macro,3,5,50,Laboratory,Hybrid,Cross-validation,Older adults,ActivInsights,Specificity,0.9,NA,2.197224577,NA,NA,NA,0.148242524,constant,Other,0,0,3,5,0.371921182,-17.65217391,Laboratory,Hybrid,Activity intensity,0.385022758,0.9,0.808853857,0.950351757,Row 35984,Classical ML,Skjødt 2025 – Classical ML – 289
17,662,Bakrania 2016,No,Threshold / Cutpoint,Threshold,Activity type,classes,macro,2,33,33,Laboratory,Structured,Cross-validation,Adults,ActiGraph,Specificity,0.902,0.197,2.219647041,NA,2.483345983,NA,2.483345983,classes,Threshold,0,0,2,33,-0.628078818,10.34782609,Laboratory,Structured,Activity type,1.575863567,0.902,0.295452942,0.995074244,Row 662,Threshold / Cutpoint,Bakrania 2016 – Threshold / Cutpoint – 17
122,524,Meredith-Jones 2024,Yes - van Hees 2018,Heuristic Rule,HeuristicRule,Sleep,NA,aggregate_cm,2,NA,137,Free-living,Unstructured,External,Children and Youth,Axivity,Specificity,0.906,NA,2.265744524,NA,NA,NA,0.148242524,constant,Threshold,0,1,2,22.65217391,-0.628078818,0,Free-living,Unstructured,Sleep,0.385022758,0.906,0.819224157,0.953486786,Row 524,Heuristic Rule,Meredith-Jones 2024 – Heuristic Rule – 122
161,5580,Sasaki 2016,No,Classical ML,RandomForest,Activity type,classes,macro,5,15,15,Free-living,Unstructured,Cross-validation,Older adults,ActiGraph,Specificity,0.9079,0.0369,2.288259297,NA,0.038948204,NA,0.038948204,classes,Other,0,0,5,15,2.371921182,-7.652173913,Free-living,Unstructured,Activity type,0.197352993,0.9079,0.870055258,0.935539526,Row 5580,Classical ML,Sasaki 2016 – Classical ML – 161
16,662,Bakrania 2016,No,Threshold / Cutpoint,Threshold,Activity type,classes,macro,2,33,33,Laboratory,Structured,Cross-validation,Adults,ActivInsights,Specificity,0.91,0.1847,2.313634929,NA,2.542939288,NA,2.542939288,classes,Threshold,0,0,2,33,-0.628078818,10.34782609,Laboratory,Structured,Activity type,1.594659615,0.91,0.307486209,0.995675685,Row 662,Threshold / Cutpoint,Bakrania 2016 – Threshold / Cutpoint – 16
158,307,Sanders 2019,No,Threshold / Cutpoint,Threshold,Activity intensity,classes,macro,2,NA,34,Laboratory,Structured,Hold-out,Older adults,ActiGraph,Specificity,0.91,0.0283,2.313634929,NA,0.059700102,NA,0.059700102,classes,Threshold,0,1,2,22.65217391,-0.628078818,0,Laboratory,Structured,Activity intensity,0.244336043,0.91,0.862324987,0.942271016,Row 307,Threshold / Cutpoint,Sanders 2019 – Threshold / Cutpoint – 158
119,2919,Mardini 2020,No,Deep Learning,CNN_LSTM,Activity type,classes,macro,3,10,145,Laboratory,Structured,Cross-validation,Adults; Older adults,ActiGraph,Specificity,0.92,0.11,2.442347035,NA,0.744575063,NA,0.744575063,classes,Other,0,0,3,10,0.371921182,-12.65217391,Laboratory,Structured,Activity type,0.862887631,0.92,0.679415566,0.984227774,Row 2919,Deep Learning,Mardini 2020 – Deep Learning – 119
126,1051,Migueles 2021,No,Threshold / Cutpoint,Threshold,Activity intensity,classes,macro,2,NA,19,Laboratory,Structured,External,Older adults,ActiGraph,Specificity,0.925,0.0912,2.512305624,NA,0.864079474,NA,0.864079474,classes,Threshold,0,1,2,22.65217391,-0.628078818,0,Laboratory,Structured,Activity intensity,0.929558752,0.925,0.666049334,0.98705787,Row 1051,Threshold / Cutpoint,Migueles 2021 – Threshold / Cutpoint – 126
58,4094,Ellis 2016,No,Hybrid / Ensemble,RF + HMM,Activity type,NA,macro,4,40,40,Free-living,Unstructured,Cross-validation,Adults,ActiGraph,Specificity,0.93,NA,2.586689344,NA,NA,NA,0.148242524,constant,Other,0,0,4,40,1.371921182,17.34782609,Free-living,Unstructured,Activity type,0.385022758,0.93,0.862005133,0.965819906,Row 4094,Hybrid / Ensemble,Ellis 2016 – Hybrid / Ensemble – 58
123,524,Meredith-Jones 2024,Yes - van Hees 2018,Heuristic Rule,HeuristicRule,Sleep,NA,aggregate_cm,2,NA,137,Free-living,Unstructured,External,Children and Youth,ActiGraph,Specificity,0.931,NA,2.602152773,NA,NA,NA,0.148242524,constant,Threshold,0,1,2,22.65217391,-0.628078818,0,Free-living,Unstructured,Sleep,0.385022758,0.931,0.863834268,0.966326721,Row 524,Heuristic Rule,Meredith-Jones 2024 – Heuristic Rule – 123
21,9734,Barouni 2020,No,Threshold / Cutpoint,Threshold,Sleep,classes,macro,3,NA,93,Hybrid,Hybrid,Apparent,Adults,Movisens,Specificity,0.9335,0.0472,2.641739015,NA,0.192704035,NA,0.192704035,classes,Threshold,0,1,3,22.65217391,0.371921182,0,Hybrid,Hybrid,Sleep,0.438980677,0.9335,0.855861866,0.97074863,Row 9734,Threshold / Cutpoint,Barouni 2020 – Threshold / Cutpoint – 21
145,4554,Papadopoulos 2015,No,Threshold / Cutpoint,Threshold,Activity type,NA,macro,2,NA,17,Free-living,Unstructured,Hold-out,Older adults,Custom,Specificity,0.94,NA,2.751535313,NA,NA,NA,0.148242524,constant,Threshold,0,1,2,22.65217391,-0.628078818,0,Free-living,Unstructured,Activity type,0.385022758,0.94,0.880470235,0.970863096,Row 4554,Threshold / Cutpoint,Papadopoulos 2015 – Threshold / Cutpoint – 145
1,1795,Ahmadi 2018,No,Classical ML,RandomForest,Activity type,classes,macro,4,22,22,Laboratory,Structured,Cross-validation,Children and Youth; Adults,ActiGraph,Specificity,0.9427,0.0445,2.800447475,NA,0.169669497,NA,0.169669497,classes,Other,0,0,4,22,1.371921182,-0.652173913,Laboratory,Structured,Activity type,0.411909574,0.9427,0.880071214,0.97360395,Row 1795,Classical ML,Ahmadi 2018 – Classical ML – 1
110,13708,Mannini 2013,No,Classical ML,SVM,Activity type,classes,macro,4,33,33,Laboratory,Structured,Cross-validation,Adults; Older adults,Custom,Specificity,0.9474,0.0171,2.891005271,NA,0.029437029,NA,0.029437029,classes,Other,0,0,4,33,1.371921182,10.34782609,Laboratory,Structured,Activity type,0.171572228,0.9474,0.927890217,0.961848315,Row 13708,Classical ML,Mannini 2013 – Classical ML – 110
57,901,Ellis 2014,No,Classical ML,RandomForest,Activity type,classes,macro,4,40,40,Laboratory,Structured,Cross-validation,Adults,ActiGraph,Specificity,0.9518,0.043,2.982995908,NA,0.219629889,NA,0.219629889,classes,Other,0,0,4,40,1.371921182,17.34782609,Laboratory,Structured,Activity type,0.46864687,0.9518,0.887399392,0.980189693,Row 901,Classical ML,Ellis 2014 – Classical ML – 57
111,13708,Mannini 2013,No,Classical ML,SVM,Activity type,classes,macro,4,10,33,Laboratory,Structured,Cross-validation,Adults; Older adults,Custom,Specificity,0.9538,0.0149,3.027474208,NA,0.028583405,NA,0.028583405,classes,Other,0,0,4,10,1.371921182,-12.65217391,Laboratory,Structured,Activity type,0.169066273,0.9538,0.936796377,0.966393257,Row 13708,Classical ML,Mannini 2013 – Classical ML – 111
287,35984,Skjødt 2025,No,Threshold / Cutpoint,Threshold,Activity intensity,classes,macro,2,NA,50,Laboratory,Hybrid,Apparent,Older adults,ActivInsights,Specificity,0.96,0.014,3.17805383,NA,0.066460503,NA,0.066460503,classes,Threshold,0,1,2,22.65217391,-0.628078818,0,Laboratory,Hybrid,Activity intensity,0.257799347,0.96,0.93540044,0.975477608,Row 35984,Threshold / Cutpoint,Skjødt 2025 – Threshold / Cutpoint – 287
112,11841,Mannini 2017,No,Classical ML,SVM,Activity type,classes,macro,4,53,53,Laboratory,Structured,Cross-validation,Children and Youth; Adults; Older adults,Custom,Specificity,0.9614,0.0091,3.215138279,NA,0.015032802,NA,0.015032802,classes,Other,0,0,4,53,1.371921182,30.34782609,Laboratory,Structured,Activity type,0.122608329,0.9614,0.951423802,0.969393274,Row 11841,Classical ML,Mannini 2017 – Classical ML – 112
125,153,Mielke 2023,No,Threshold / Cutpoint,Threshold,Activity intensity,classes,macro,3,NA,86,Laboratory,Structured,Apparent,Adults,ActiGraph,Specificity,0.963,0.012,3.259135499,NA,0.037808132,NA,0.037808132,classes,Threshold,0,1,3,22.65217391,0.371921182,0,Laboratory,Structured,Activity intensity,0.194443132,0.963,0.946749481,0.974425294,Row 153,Threshold / Cutpoint,Mielke 2023 – Threshold / Cutpoint – 125
147,339,Pavey 2017,No,Classical ML,RandomForest,Activity type,classes,macro,4,21,21,Laboratory,Structured,Cross-validation,Adults,ActivInsights,Specificity,0.963,0.049,3.259135499,NA,0.472798561,NA,0.472798561,classes,Other,0,0,4,21,1.371921182,-1.652173913,Laboratory,Structured,Activity type,0.687603491,0.963,0.871180014,0.990115349,Row 339,Classical ML,Pavey 2017 – Classical ML – 147
84,1041,Hibbing 2018,No,Threshold / Cutpoint,Threshold,Activity intensity,classes,macro,2,30,30,Laboratory,Structured,Cross-validation,Adults,ActiGraph,Specificity,0.967,NA,3.377690934,NA,NA,NA,0.148242524,constant,Threshold,0,0,2,30,-0.628078818,7.347826087,Laboratory,Structured,Activity intensity,0.385022758,0.967,0.932330155,0.984208027,Row 1041,Threshold / Cutpoint,Hibbing 2018 – Threshold / Cutpoint – 84
124,153,Mielke 2023,No,Threshold / Cutpoint,Threshold,Activity intensity,classes,macro,3,NA,86,Laboratory,Structured,Apparent,Adults,ActivInsights,Specificity,0.97,0.012,3.47609869,NA,0.056683317,NA,0.056683317,classes,Threshold,0,1,3,22.65217391,0.371921182,0,Laboratory,Structured,Activity intensity,0.238082585,0.97,0.952999531,0.98097402,Row 153,Threshold / Cutpoint,Mielke 2023 – Threshold / Cutpoint – 124
113,11841,Mannini 2017,No,Classical ML,SVM,Activity type,classes,macro,4,20,20,Laboratory,Structured,Cross-validation,Children and Youth,Custom,Specificity,0.9701,0.005,3.479540679,NA,0.00742856,NA,0.00742856,classes,Other,0,0,4,20,1.371921182,-2.652173913,Laboratory,Structured,Activity type,0.086189094,0.9701,0.96479101,0.974629524,Row 11841,Classical ML,Mannini 2017 – Classical ML – 113
130,4239,Montoye 2016,No,Classical ML,ANN,Activity type,classes,macro,3,40,40,Laboratory,Hybrid,Cross-validation,Adults,ActiGraph; ActivInsights,Specificity,0.9795,0.0236,3.866617351,NA,0.460453892,NA,0.460453892,classes,Other,0,0,3,40,0.371921182,17.34782609,Laboratory,Hybrid,Activity type,0.67856753,0.9795,0.926669815,0.994495172,Row 4239,Classical ML,Montoye 2016 – Classical ML – 130
207,2101,Zhang 2012,No,Classical ML,DecisionTree,Activity type,classes,macro,4,NA,20,Hybrid,Structured,Hold-out,Adults,Unilever & ActivInsights,Specificity,0.9879,0.0136,4.402376025,NA,0.323609389,NA,0.323609389,classes,Other,0,1,4,22.65217391,1.371921182,0,Hybrid,Structured,Activity type,0.568866759,0.9879,0.96399392,0.995999609,Row 2101,Classical ML,Zhang 2012 – Classical ML – 207
31,6979,Bianchim 2024,No,Classical ML,GradientBoosting,Activity intensity,classes,NA,4,10,28,Laboratory,Structured,Cross-validation,Children and Youth,ActivInsights,Specificity,1,NA,13.81550956,NA,NA,NA,0.148242524,constant,Other,0,0,4,10,1.371921182,-12.65217391,Laboratory,Structured,Activity intensity,0.385022758,1,0.999997873,1,Row 6979,Classical ML,Bianchim 2024 – Classical ML – 31
32,6979,Bianchim 2024,No,Classical ML,GradientBoosting,Activity intensity,classes,NA,4,10,35,Laboratory,Structured,Cross-validation,Children and Youth,ActivInsights,Specificity,1,NA,13.81550956,NA,NA,NA,0.148242524,constant,Other,0,0,4,10,1.371921182,-12.65217391,Laboratory,Structured,Activity intensity,0.385022758,1,0.999997873,1,Row 6979,Classical ML,Bianchim 2024 – Classical ML – 32
33,6979,Bianchim 2024,No,Classical ML,GradientBoosting,Activity intensity,classes,NA,4,10,35,Laboratory,Structured,Cross-validation,Children and Youth,ActiGraph,Specificity,1,NA,13.81550956,NA,NA,NA,0.148242524,constant,Other,0,0,4,10,1.371921182,-12.65217391,Laboratory,Structured,Activity intensity,0.385022758,1,0.999997873,1,Row 6979,Classical ML,Bianchim 2024 – Classical ML – 33
